customer_id,customer_name,email,loyalty_tier
CUST00001,Customer 1,customer1@example.com,platinum
CUST00002,Customer 2,customer2@example.com,bronze
CUST00003,Customer 3,customer3@example.com,gold
CUST00004,Customer 4,customer4@example.com,gold
CUST00005,Customer 5,customer5@example.com,platinum
CUST00006,Customer 6,customer6@example.com,platinum
CUST00007,Customer 7,customer7@example.com,gold
CUST00008,Customer 8,customer8@example.com,bronze
CUST00009,Customer 9,customer9@example.com,bronze
CUST00010,Customer 10,customer10@example.com,silver
CUST00011,Customer 11,customer11@example.com,silver
CUST00012,Customer 12,customer12@example.com,bronze
CUST00013,Customer 13,customer13@example.com,silver
CUST00014,Customer 14,customer14@example.com,platinum
CUST00015,Customer 15,customer15@example.com,silver
CUST00016,Customer 16,customer16@example.com,bronze
CUST00017,Customer 17,customer17@example.com,silver
CUST00018,Customer 18,customer18@example.com,bronze
CUST00019,Customer 19,customer19@example.com,platinum
CUST00020,Customer 20,customer20@example.com,silver
CUST00021,Customer 21,customer21@example.com,bronze
CUST00022,Customer 22,customer22@example.com,gold
CUST00023,Customer 23,customer23@example.com,bronze
CUST00024,Customer 24,customer24@example.com,silver
CUST00025,Customer 25,customer25@example.com,silver
CUST00026,Customer 26,customer26@example.com,platinum
CUST00027,Customer 27,customer27@example.com,gold
CUST00028,Customer 28,customer28@example.com,gold
CUST00029,Customer 29,customer29@example.com,platinum
CUST00030,Customer 30,customer30@example.com,gold
CUST00031,Customer 31,customer31@example.com,silver
CUST00032,Customer 32,customer32@example.com,platinum
CUST00033,Customer 33,customer33@example.com,gold
CUST00034,Customer 34,customer34@example.com,silver
CUST00035,Customer 35,customer35@example.com,gold
CUST00036,Customer 36,customer36@example.com,platinum
CUST00037,Customer 37,customer37@example.com,bronze
CUST00038,Customer 38,customer38@example.com,platinum
CUST00039,Customer 39,customer39@example.com,bronze
CUST00040,Customer 40,customer40@example.com,platinum
CUST00041,Customer 41,customer41@example.com,silver
CUST00042,Customer 42,customer42@example.com,gold
CUST00043,Customer 43,customer43@example.com,gold
CUST00044,Customer 44,customer44@example.com,gold
CUST00045,Customer 45,customer45@example.com,silver
CUST00046,Customer 46,customer46@example.com,gold
CUST00047,Customer 47,customer47@example.com,silver
CUST00048,Customer 48,customer48@example.com,bronze
CUST00049,Customer 49,customer49@example.com,silver
CUST00050,Customer 50,customer50@example.com,bronze
CUST00051,Customer 51,customer51@example.com,bronze
CUST00052,Customer 52,customer52@example.com,gold
CUST00053,Customer 53,customer53@example.com,silver
CUST00054,Customer 54,customer54@example.com,platinum
CUST00055,Customer 55,customer55@example.com,gold
CUST00056,Customer 56,customer56@example.com,bronze
CUST00057,Customer 57,customer57@example.com,bronze
CUST00058,Customer 58,customer58@example.com,gold
CUST00059,Customer 59,customer59@example.com,platinum
CUST00060,Customer 60,customer60@example.com,silver
CUST00061,Customer 61,customer61@example.com,gold
CUST00062,Customer 62,customer62@example.com,platinum
CUST00063,Customer 63,customer63@example.com,platinum
CUST00064,Customer 64,customer64@example.com,silver
CUST00065,Customer 65,customer65@example.com,gold
CUST00066,Customer 66,customer66@example.com,platinum
CUST00067,Customer 67,customer67@example.com,platinum
CUST00068,Customer 68,customer68@example.com,bronze
CUST00069,Customer 69,customer69@example.com,platinum
CUST00070,Customer 70,customer70@example.com,gold
CUST00071,Customer 71,customer71@example.com,platinum
CUST00072,Customer 72,customer72@example.com,gold
CUST00073,Customer 73,customer73@example.com,bronze
CUST00074,Customer 74,customer74@example.com,bronze
CUST00075,Customer 75,customer75@example.com,silver
CUST00076,Customer 76,customer76@example.com,silver
CUST00077,Customer 77,customer77@example.com,bronze
CUST00078,Customer 78,customer78@example.com,silver
CUST00079,Customer 79,customer79@example.com,platinum
CUST00080,Customer 80,customer80@example.com,silver
CUST00081,Customer 81,customer81@example.com,silver
CUST00082,Customer 82,customer82@example.com,silver
CUST00083,Customer 83,customer83@example.com,bronze
CUST00084,Customer 84,customer84@example.com,silver
CUST00085,Customer 85,customer85@example.com,gold
CUST00086,Customer 86,customer86@example.com,bronze
CUST00087,Customer 87,customer87@example.com,bronze
CUST00088,Customer 88,customer88@example.com,bronze
CUST00089,Customer 89,customer89@example.com,bronze
CUST00090,Customer 90,customer90@example.com,bronze
CUST00091,Customer 91,customer91@example.com,platinum
CUST00092,Customer 92,customer92@example.com,platinum
CUST00093,Customer 93,customer93@example.com,gold
CUST00094,Customer 94,customer94@example.com,platinum
CUST00095,Customer 95,customer95@example.com,bronze
CUST00096,Customer 96,customer96@example.com,gold
CUST00097,Customer 97,customer97@example.com,gold
CUST00098,Customer 98,customer98@example.com,bronze
CUST00099,Customer 99,customer99@example.com,platinum
CUST00100,Customer 100,customer100@example.com,bronze
CUST00101,Customer 101,customer101@example.com,gold
CUST00102,Customer 102,customer102@example.com,platinum
CUST00103,Customer 103,customer103@example.com,bronze
CUST00104,Customer 104,customer104@example.com,platinum
CUST00105,Customer 105,customer105@example.com,bronze
CUST00106,Customer 106,customer106@example.com,silver
CUST00107,Customer 107,customer107@example.com,platinum
CUST00108,Customer 108,customer108@example.com,gold
CUST00109,Customer 109,customer109@example.com,bronze
CUST00110,Customer 110,customer110@example.com,platinum
CUST00111,Customer 111,customer111@example.com,bronze
CUST00112,Customer 112,customer112@example.com,bronze
CUST00113,Customer 113,customer113@example.com,platinum
CUST00114,Customer 114,customer114@example.com,bronze
CUST00115,Customer 115,customer115@example.com,silver
CUST00116,Customer 116,customer116@example.com,silver
CUST00117,Customer 117,customer117@example.com,gold
CUST00118,Customer 118,customer118@example.com,platinum
CUST00119,Customer 119,customer119@example.com,silver
CUST00120,Customer 120,customer120@example.com,silver
CUST00121,Customer 121,customer121@example.com,gold
CUST00122,Customer 122,customer122@example.com,gold
CUST00123,Customer 123,customer123@example.com,gold
CUST00124,Customer 124,customer124@example.com,bronze
CUST00125,Customer 125,customer125@example.com,platinum
CUST00126,Customer 126,customer126@example.com,silver
CUST00127,Customer 127,customer127@example.com,silver
CUST00128,Customer 128,customer128@example.com,platinum
CUST00129,Customer 129,customer129@example.com,platinum
CUST00130,Customer 130,customer130@example.com,bronze
CUST00131,Customer 131,customer131@example.com,gold
CUST00132,Customer 132,customer132@example.com,bronze
CUST00133,Customer 133,customer133@example.com,silver
CUST00134,Customer 134,customer134@example.com,platinum
CUST00135,Customer 135,customer135@example.com,bronze
CUST00136,Customer 136,customer136@example.com,platinum
CUST00137,Customer 137,customer137@example.com,bronze
CUST00138,Customer 138,customer138@example.com,bronze
CUST00139,Customer 139,customer139@example.com,platinum
CUST00140,Customer 140,customer140@example.com,silver
CUST00141,Customer 141,customer141@example.com,platinum
CUST00142,Customer 142,customer142@example.com,gold
CUST00143,Customer 143,customer143@example.com,gold
CUST00144,Customer 144,customer144@example.com,platinum
CUST00145,Customer 145,customer145@example.com,bronze
CUST00146,Customer 146,customer146@example.com,platinum
CUST00147,Customer 147,customer147@example.com,silver
CUST00148,Customer 148,customer148@example.com,gold
CUST00149,Customer 149,customer149@example.com,silver
CUST00150,Customer 150,customer150@example.com,platinum
CUST00151,Customer 151,customer151@example.com,silver
CUST00152,Customer 152,customer152@example.com,gold
CUST00153,Customer 153,customer153@example.com,bronze
CUST00154,Customer 154,customer154@example.com,platinum
CUST00155,Customer 155,customer155@example.com,platinum
CUST00156,Customer 156,customer156@example.com,gold
CUST00157,Customer 157,customer157@example.com,gold
CUST00158,Customer 158,customer158@example.com,gold
CUST00159,Customer 159,customer159@example.com,gold
CUST00160,Customer 160,customer160@example.com,platinum
CUST00161,Customer 161,customer161@example.com,gold
CUST00162,Customer 162,customer162@example.com,bronze
CUST00163,Customer 163,customer163@example.com,silver
CUST00164,Customer 164,customer164@example.com,silver
CUST00165,Customer 165,customer165@example.com,gold
CUST00166,Customer 166,customer166@example.com,gold
CUST00167,Customer 167,customer167@example.com,silver
CUST00168,Customer 168,customer168@example.com,platinum
CUST00169,Customer 169,customer169@example.com,gold
CUST00170,Customer 170,customer170@example.com,bronze
CUST00171,Customer 171,customer171@example.com,platinum
CUST00172,Customer 172,customer172@example.com,bronze
CUST00173,Customer 173,customer173@example.com,bronze
CUST00174,Customer 174,customer174@example.com,bronze
CUST00175,Customer 175,customer175@example.com,bronze
CUST00176,Customer 176,customer176@example.com,gold
CUST00177,Customer 177,customer177@example.com,bronze
CUST00178,Customer 178,customer178@example.com,platinum
CUST00179,Customer 179,customer179@example.com,silver
CUST00180,Customer 180,customer180@example.com,platinum
CUST00181,Customer 181,customer181@example.com,silver
CUST00182,Customer 182,customer182@example.com,platinum
CUST00183,Customer 183,customer183@example.com,bronze
CUST00184,Customer 184,customer184@example.com,platinum
CUST00185,Customer 185,customer185@example.com,gold
CUST00186,Customer 186,customer186@example.com,platinum
CUST00187,Customer 187,customer187@example.com,gold
CUST00188,Customer 188,customer188@example.com,silver
CUST00189,Customer 189,customer189@example.com,platinum
CUST00190,Customer 190,customer190@example.com,gold
CUST00191,Customer 191,customer191@example.com,bronze
CUST00192,Customer 192,customer192@example.com,gold
CUST00193,Customer 193,customer193@example.com,bronze
CUST00194,Customer 194,customer194@example.com,platinum
CUST00195,Customer 195,customer195@example.com,silver
CUST00196,Customer 196,customer196@example.com,bronze
CUST00197,Customer 197,customer197@example.com,silver
CUST00198,Customer 198,customer198@example.com,platinum
CUST00199,Customer 199,customer199@example.com,silver
CUST00200,Customer 200,customer200@example.com,platinum
CUST00201,Customer 201,customer201@example.com,platinum
CUST00202,Customer 202,customer202@example.com,silver
CUST00203,Customer 203,customer203@example.com,bronze
CUST00204,Customer 204,customer204@example.com,gold
CUST00205,Customer 205,customer205@example.com,gold
CUST00206,Customer 206,customer206@example.com,silver
CUST00207,Customer 207,customer207@example.com,silver
CUST00208,Customer 208,customer208@example.com,silver
CUST00209,Customer 209,customer209@example.com,bronze
CUST00210,Customer 210,customer210@example.com,gold
CUST00211,Customer 211,customer211@example.com,silver
CUST00212,Customer 212,customer212@example.com,bronze
CUST00213,Customer 213,customer213@example.com,platinum
CUST00214,Customer 214,customer214@example.com,platinum
CUST00215,Customer 215,customer215@example.com,platinum
CUST00216,Customer 216,customer216@example.com,silver
CUST00217,Customer 217,customer217@example.com,platinum
CUST00218,Customer 218,customer218@example.com,platinum
CUST00219,Customer 219,customer219@example.com,platinum
CUST00220,Customer 220,customer220@example.com,bronze
CUST00221,Customer 221,customer221@example.com,gold
CUST00222,Customer 222,customer222@example.com,silver
CUST00223,Customer 223,customer223@example.com,platinum
CUST00224,Customer 224,customer224@example.com,platinum
CUST00225,Customer 225,customer225@example.com,platinum
CUST00226,Customer 226,customer226@example.com,bronze
CUST00227,Customer 227,customer227@example.com,gold
CUST00228,Customer 228,customer228@example.com,platinum
CUST00229,Customer 229,customer229@example.com,gold
CUST00230,Customer 230,customer230@example.com,gold
CUST00231,Customer 231,customer231@example.com,platinum
CUST00232,Customer 232,customer232@example.com,gold
CUST00233,Customer 233,customer233@example.com,platinum
CUST00234,Customer 234,customer234@example.com,gold
CUST00235,Customer 235,customer235@example.com,platinum
CUST00236,Customer 236,customer236@example.com,silver
CUST00237,Customer 237,customer237@example.com,gold
CUST00238,Customer 238,customer238@example.com,platinum
CUST00239,Customer 239,customer239@example.com,gold
CUST00240,Customer 240,customer240@example.com,gold
CUST00241,Customer 241,customer241@example.com,gold
CUST00242,Customer 242,customer242@example.com,gold
CUST00243,Customer 243,customer243@example.com,bronze
CUST00244,Customer 244,customer244@example.com,gold
CUST00245,Customer 245,customer245@example.com,silver
CUST00246,Customer 246,customer246@example.com,gold
CUST00247,Customer 247,customer247@example.com,gold
CUST00248,Customer 248,customer248@example.com,gold
CUST00249,Customer 249,customer249@example.com,gold
CUST00250,Customer 250,customer250@example.com,platinum
CUST00251,Customer 251,customer251@example.com,bronze
CUST00252,Customer 252,customer252@example.com,silver
CUST00253,Customer 253,customer253@example.com,silver
CUST00254,Customer 254,customer254@example.com,silver
CUST00255,Customer 255,customer255@example.com,bronze
CUST00256,Customer 256,customer256@example.com,platinum
CUST00257,Customer 257,customer257@example.com,silver
CUST00258,Customer 258,customer258@example.com,platinum
CUST00259,Customer 259,customer259@example.com,bronze
CUST00260,Customer 260,customer260@example.com,gold
CUST00261,Customer 261,customer261@example.com,gold
CUST00262,Customer 262,customer262@example.com,bronze
CUST00263,Customer 263,customer263@example.com,platinum
CUST00264,Customer 264,customer264@example.com,gold
CUST00265,Customer 265,customer265@example.com,silver
CUST00266,Customer 266,customer266@example.com,gold
CUST00267,Customer 267,customer267@example.com,silver
CUST00268,Customer 268,customer268@example.com,silver
CUST00269,Customer 269,customer269@example.com,platinum
CUST00270,Customer 270,customer270@example.com,platinum
CUST00271,Customer 271,customer271@example.com,silver
CUST00272,Customer 272,customer272@example.com,bronze
CUST00273,Customer 273,customer273@example.com,bronze
CUST00274,Customer 274,customer274@example.com,gold
CUST00275,Customer 275,customer275@example.com,gold
CUST00276,Customer 276,customer276@example.com,platinum
CUST00277,Customer 277,customer277@example.com,silver
CUST00278,Customer 278,customer278@example.com,gold
CUST00279,Customer 279,customer279@example.com,bronze
CUST00280,Customer 280,customer280@example.com,bronze
CUST00281,Customer 281,customer281@example.com,silver
CUST00282,Customer 282,customer282@example.com,silver
CUST00283,Customer 283,customer283@example.com,gold
CUST00284,Customer 284,customer284@example.com,bronze
CUST00285,Customer 285,customer285@example.com,platinum
CUST00286,Customer 286,customer286@example.com,platinum
CUST00287,Customer 287,customer287@example.com,silver
CUST00288,Customer 288,customer288@example.com,gold
CUST00289,Customer 289,customer289@example.com,silver
CUST00290,Customer 290,customer290@example.com,gold
CUST00291,Customer 291,customer291@example.com,gold
CUST00292,Customer 292,customer292@example.com,silver
CUST00293,Customer 293,customer293@example.com,platinum
CUST00294,Customer 294,customer294@example.com,platinum
CUST00295,Customer 295,customer295@example.com,gold
CUST00296,Customer 296,customer296@example.com,gold
CUST00297,Customer 297,customer297@example.com,gold
CUST00298,Customer 298,customer298@example.com,gold
CUST00299,Customer 299,customer299@example.com,gold
CUST00300,Customer 300,customer300@example.com,platinum
CUST00301,Customer 301,customer301@example.com,platinum
CUST00302,Customer 302,customer302@example.com,gold
CUST00303,Customer 303,customer303@example.com,platinum
CUST00304,Customer 304,customer304@example.com,gold
CUST00305,Customer 305,customer305@example.com,silver
CUST00306,Customer 306,customer306@example.com,platinum
CUST00307,Customer 307,customer307@example.com,gold
CUST00308,Customer 308,customer308@example.com,silver
CUST00309,Customer 309,customer309@example.com,bronze
CUST00310,Customer 310,customer310@example.com,gold
CUST00311,Customer 311,customer311@example.com,silver
CUST00312,Customer 312,customer312@example.com,silver
CUST00313,Customer 313,customer313@example.com,gold
CUST00314,Customer 314,customer314@example.com,bronze
CUST00315,Customer 315,customer315@example.com,silver
CUST00316,Customer 316,customer316@example.com,gold
CUST00317,Customer 317,customer317@example.com,silver
CUST00318,Customer 318,customer318@example.com,gold
CUST00319,Customer 319,customer319@example.com,platinum
CUST00320,Customer 320,customer320@example.com,bronze
CUST00321,Customer 321,customer321@example.com,gold
CUST00322,Customer 322,customer322@example.com,gold
CUST00323,Customer 323,customer323@example.com,silver
CUST00324,Customer 324,customer324@example.com,gold
CUST00325,Customer 325,customer325@example.com,platinum
CUST00326,Customer 326,customer326@example.com,platinum
CUST00327,Customer 327,customer327@example.com,bronze
CUST00328,Customer 328,customer328@example.com,platinum
CUST00329,Customer 329,customer329@example.com,gold
CUST00330,Customer 330,customer330@example.com,gold
CUST00331,Customer 331,customer331@example.com,platinum
CUST00332,Customer 332,customer332@example.com,gold
CUST00333,Customer 333,customer333@example.com,silver
CUST00334,Customer 334,customer334@example.com,silver
CUST00335,Customer 335,customer335@example.com,bronze
CUST00336,Customer 336,customer336@example.com,platinum
CUST00337,Customer 337,customer337@example.com,silver
CUST00338,Customer 338,customer338@example.com,gold
CUST00339,Customer 339,customer339@example.com,bronze
CUST00340,Customer 340,customer340@example.com,platinum
CUST00341,Customer 341,customer341@example.com,platinum
CUST00342,Customer 342,customer342@example.com,bronze
CUST00343,Customer 343,customer343@example.com,gold
CUST00344,Customer 344,customer344@example.com,gold
CUST00345,Customer 345,customer345@example.com,bronze
CUST00346,Customer 346,customer346@example.com,gold
CUST00347,Customer 347,customer347@example.com,silver
CUST00348,Customer 348,customer348@example.com,gold
CUST00349,Customer 349,customer349@example.com,platinum
CUST00350,Customer 350,customer350@example.com,silver
CUST00351,Customer 351,customer351@example.com,silver
CUST00352,Customer 352,customer352@example.com,bronze
CUST00353,Customer 353,customer353@example.com,silver
CUST00354,Customer 354,customer354@example.com,bronze
CUST00355,Customer 355,customer355@example.com,bronze
CUST00356,Customer 356,customer356@example.com,silver
CUST00357,Customer 357,customer357@example.com,bronze
CUST00358,Customer 358,customer358@example.com,bronze
CUST00359,Customer 359,customer359@example.com,bronze
CUST00360,Customer 360,customer360@example.com,gold
CUST00361,Customer 361,customer361@example.com,gold
CUST00362,Customer 362,customer362@example.com,bronze
CUST00363,Customer 363,customer363@example.com,bronze
CUST00364,Customer 364,customer364@example.com,silver
CUST00365,Customer 365,customer365@example.com,platinum
CUST00366,Customer 366,customer366@example.com,bronze
CUST00367,Customer 367,customer367@example.com,silver
CUST00368,Customer 368,customer368@example.com,bronze
CUST00369,Customer 369,customer369@example.com,gold
CUST00370,Customer 370,customer370@example.com,bronze
CUST00371,Customer 371,customer371@example.com,silver
CUST00372,Customer 372,customer372@example.com,platinum
CUST00373,Customer 373,customer373@example.com,gold
CUST00374,Customer 374,customer374@example.com,platinum
CUST00375,Customer 375,customer375@example.com,silver
CUST00376,Customer 376,customer376@example.com,silver
CUST00377,Customer 377,customer377@example.com,platinum
CUST00378,Customer 378,customer378@example.com,bronze
CUST00379,Customer 379,customer379@example.com,platinum
CUST00380,Customer 380,customer380@example.com,platinum
CUST00381,Customer 381,customer381@example.com,gold
CUST00382,Customer 382,customer382@example.com,silver
CUST00383,Customer 383,customer383@example.com,gold
CUST00384,Customer 384,customer384@example.com,silver
CUST00385,Customer 385,customer385@example.com,silver
CUST00386,Customer 386,customer386@example.com,bronze
CUST00387,Customer 387,customer387@example.com,bronze
CUST00388,Customer 388,customer388@example.com,platinum
CUST00389,Customer 389,customer389@example.com,platinum
CUST00390,Customer 390,customer390@example.com,bronze
CUST00391,Customer 391,customer391@example.com,gold
CUST00392,Customer 392,customer392@example.com,platinum
CUST00393,Customer 393,customer393@example.com,platinum
CUST00394,Customer 394,customer394@example.com,platinum
CUST00395,Customer 395,customer395@example.com,bronze
CUST00396,Customer 396,customer396@example.com,silver
CUST00397,Customer 397,customer397@example.com,bronze
CUST00398,Customer 398,customer398@example.com,silver
CUST00399,Customer 399,customer399@example.com,platinum
CUST00400,Customer 400,customer400@example.com,platinum
CUST00401,Customer 401,customer401@example.com,gold
CUST00402,Customer 402,customer402@example.com,platinum
CUST00403,Customer 403,customer403@example.com,silver
CUST00404,Customer 404,customer404@example.com,silver
CUST00405,Customer 405,customer405@example.com,bronze
CUST00406,Customer 406,customer406@example.com,gold
CUST00407,Customer 407,customer407@example.com,platinum
CUST00408,Customer 408,customer408@example.com,silver
CUST00409,Customer 409,customer409@example.com,bronze
CUST00410,Customer 410,customer410@example.com,platinum
CUST00411,Customer 411,customer411@example.com,gold
CUST00412,Customer 412,customer412@example.com,platinum
CUST00413,Customer 413,customer413@example.com,platinum
CUST00414,Customer 414,customer414@example.com,silver
CUST00415,Customer 415,customer415@example.com,platinum
CUST00416,Customer 416,customer416@example.com,bronze
CUST00417,Customer 417,customer417@example.com,silver
CUST00418,Customer 418,customer418@example.com,platinum
CUST00419,Customer 419,customer419@example.com,bronze
CUST00420,Customer 420,customer420@example.com,silver
CUST00421,Customer 421,customer421@example.com,bronze
CUST00422,Customer 422,customer422@example.com,platinum
CUST00423,Customer 423,customer423@example.com,silver
CUST00424,Customer 424,customer424@example.com,bronze
CUST00425,Customer 425,customer425@example.com,gold
CUST00426,Customer 426,customer426@example.com,platinum
CUST00427,Customer 427,customer427@example.com,bronze
CUST00428,Customer 428,customer428@example.com,silver
CUST00429,Customer 429,customer429@example.com,platinum
CUST00430,Customer 430,customer430@example.com,gold
CUST00431,Customer 431,customer431@example.com,gold
CUST00432,Customer 432,customer432@example.com,platinum
CUST00433,Customer 433,customer433@example.com,platinum
CUST00434,Customer 434,customer434@example.com,bronze
CUST00435,Customer 435,customer435@example.com,gold
CUST00436,Customer 436,customer436@example.com,platinum
CUST00437,Customer 437,customer437@example.com,bronze
CUST00438,Customer 438,customer438@example.com,bronze
CUST00439,Customer 439,customer439@example.com,silver
CUST00440,Customer 440,customer440@example.com,silver
CUST00441,Customer 441,customer441@example.com,bronze
CUST00442,Customer 442,customer442@example.com,gold
CUST00443,Customer 443,customer443@example.com,platinum
CUST00444,Customer 444,customer444@example.com,silver
CUST00445,Customer 445,customer445@example.com,gold
CUST00446,Customer 446,customer446@example.com,gold
CUST00447,Customer 447,customer447@example.com,bronze
CUST00448,Customer 448,customer448@example.com,platinum
CUST00449,Customer 449,customer449@example.com,silver
CUST00450,Customer 450,customer450@example.com,bronze
CUST00451,Customer 451,customer451@example.com,platinum
CUST00452,Customer 452,customer452@example.com,gold
CUST00453,Customer 453,customer453@example.com,platinum
CUST00454,Customer 454,customer454@example.com,gold
CUST00455,Customer 455,customer455@example.com,silver
CUST00456,Customer 456,customer456@example.com,silver
CUST00457,Customer 457,customer457@example.com,gold
CUST00458,Customer 458,customer458@example.com,gold
CUST00459,Customer 459,customer459@example.com,silver
CUST00460,Customer 460,customer460@example.com,silver
CUST00461,Customer 461,customer461@example.com,bronze
CUST00462,Customer 462,customer462@example.com,bronze
CUST00463,Customer 463,customer463@example.com,bronze
CUST00464,Customer 464,customer464@example.com,bronze
CUST00465,Customer 465,customer465@example.com,silver
CUST00466,Customer 466,customer466@example.com,gold
CUST00467,Customer 467,customer467@example.com,silver
CUST00468,Customer 468,customer468@example.com,gold
CUST00469,Customer 469,customer469@example.com,bronze
CUST00470,Customer 470,customer470@example.com,silver
CUST00471,Customer 471,customer471@example.com,bronze
CUST00472,Customer 472,customer472@example.com,platinum
CUST00473,Customer 473,customer473@example.com,gold
CUST00474,Customer 474,customer474@example.com,silver
CUST00475,Customer 475,customer475@example.com,gold
CUST00476,Customer 476,customer476@example.com,silver
CUST00477,Customer 477,customer477@example.com,bronze
CUST00478,Customer 478,customer478@example.com,silver
CUST00479,Customer 479,customer479@example.com,gold
CUST00480,Customer 480,customer480@example.com,silver
CUST00481,Customer 481,customer481@example.com,bronze
CUST00482,Customer 482,customer482@example.com,gold
CUST00483,Customer 483,customer483@example.com,platinum
CUST00484,Customer 484,customer484@example.com,platinum
CUST00485,Customer 485,customer485@example.com,gold
CUST00486,Customer 486,customer486@example.com,bronze
CUST00487,Customer 487,customer487@example.com,silver
CUST00488,Customer 488,customer488@example.com,platinum
CUST00489,Customer 489,customer489@example.com,bronze
CUST00490,Customer 490,customer490@example.com,gold
CUST00491,Customer 491,customer491@example.com,bronze
CUST00492,Customer 492,customer492@example.com,bronze
CUST00493,Customer 493,customer493@example.com,silver
CUST00494,Customer 494,customer494@example.com,gold
CUST00495,Customer 495,customer495@example.com,platinum
CUST00496,Customer 496,customer496@example.com,bronze
CUST00497,Customer 497,customer497@example.com,platinum
CUST00498,Customer 498,customer498@example.com,bronze
CUST00499,Customer 499,customer499@example.com,platinum
CUST00500,Customer 500,customer500@example.com,platinum
CUST00501,Customer 501,customer501@example.com,gold
CUST00502,Customer 502,customer502@example.com,gold
CUST00503,Customer 503,customer503@example.com,platinum
CUST00504,Customer 504,customer504@example.com,platinum
CUST00505,Customer 505,customer505@example.com,gold
CUST00506,Customer 506,customer506@example.com,gold
CUST00507,Customer 507,customer507@example.com,platinum
CUST00508,Customer 508,customer508@example.com,platinum
CUST00509,Customer 509,customer509@example.com,bronze
CUST00510,Customer 510,customer510@example.com,gold
CUST00511,Customer 511,customer511@example.com,silver
CUST00512,Customer 512,customer512@example.com,platinum
CUST00513,Customer 513,customer513@example.com,gold
CUST00514,Customer 514,customer514@example.com,silver
CUST00515,Customer 515,customer515@example.com,gold
CUST00516,Customer 516,customer516@example.com,platinum
CUST00517,Customer 517,customer517@example.com,bronze
CUST00518,Customer 518,customer518@example.com,gold
CUST00519,Customer 519,customer519@example.com,gold
CUST00520,Customer 520,customer520@example.com,silver
CUST00521,Customer 521,customer521@example.com,silver
CUST00522,Customer 522,customer522@example.com,bronze
CUST00523,Customer 523,customer523@example.com,platinum
CUST00524,Customer 524,customer524@example.com,silver
CUST00525,Customer 525,customer525@example.com,silver
CUST00526,Customer 526,customer526@example.com,platinum
CUST00527,Customer 527,customer527@example.com,gold
CUST00528,Customer 528,customer528@example.com,bronze
CUST00529,Customer 529,customer529@example.com,bronze
CUST00530,Customer 530,customer530@example.com,bronze
CUST00531,Customer 531,customer531@example.com,platinum
CUST00532,Customer 532,customer532@example.com,platinum
CUST00533,Customer 533,customer533@example.com,gold
CUST00534,Customer 534,customer534@example.com,bronze
CUST00535,Customer 535,customer535@example.com,gold
CUST00536,Customer 536,customer536@example.com,gold
CUST00537,Customer 537,customer537@example.com,platinum
CUST00538,Customer 538,customer538@example.com,silver
CUST00539,Customer 539,customer539@example.com,gold
CUST00540,Customer 540,customer540@example.com,bronze
CUST00541,Customer 541,customer541@example.com,bronze
CUST00542,Customer 542,customer542@example.com,gold
CUST00543,Customer 543,customer543@example.com,silver
CUST00544,Customer 544,customer544@example.com,silver
CUST00545,Customer 545,customer545@example.com,bronze
CUST00546,Customer 546,customer546@example.com,platinum
CUST00547,Customer 547,customer547@example.com,platinum
CUST00548,Customer 548,customer548@example.com,bronze
CUST00549,Customer 549,customer549@example.com,platinum
CUST00550,Customer 550,customer550@example.com,bronze
CUST00551,Customer 551,customer551@example.com,platinum
CUST00552,Customer 552,customer552@example.com,gold
CUST00553,Customer 553,customer553@example.com,silver
CUST00554,Customer 554,customer554@example.com,gold
CUST00555,Customer 555,customer555@example.com,gold
CUST00556,Customer 556,customer556@example.com,bronze
CUST00557,Customer 557,customer557@example.com,gold
CUST00558,Customer 558,customer558@example.com,platinum
CUST00559,Customer 559,customer559@example.com,platinum
CUST00560,Customer 560,customer560@example.com,gold
CUST00561,Customer 561,customer561@example.com,bronze
CUST00562,Customer 562,customer562@example.com,silver
CUST00563,Customer 563,customer563@example.com,platinum
CUST00564,Customer 564,customer564@example.com,bronze
CUST00565,Customer 565,customer565@example.com,bronze
CUST00566,Customer 566,customer566@example.com,platinum
CUST00567,Customer 567,customer567@example.com,bronze
CUST00568,Customer 568,customer568@example.com,silver
CUST00569,Customer 569,customer569@example.com,platinum
CUST00570,Customer 570,customer570@example.com,platinum
CUST00571,Customer 571,customer571@example.com,gold
CUST00572,Customer 572,customer572@example.com,silver
CUST00573,Customer 573,customer573@example.com,platinum
CUST00574,Customer 574,customer574@example.com,platinum
CUST00575,Customer 575,customer575@example.com,platinum
CUST00576,Customer 576,customer576@example.com,bronze
CUST00577,Customer 577,customer577@example.com,silver
CUST00578,Customer 578,customer578@example.com,bronze
CUST00579,Customer 579,customer579@example.com,bronze
CUST00580,Customer 580,customer580@example.com,platinum
CUST00581,Customer 581,customer581@example.com,gold
CUST00582,Customer 582,customer582@example.com,bronze
CUST00583,Customer 583,customer583@example.com,bronze
CUST00584,Customer 584,customer584@example.com,platinum
CUST00585,Customer 585,customer585@example.com,silver
CUST00586,Customer 586,customer586@example.com,platinum
CUST00587,Customer 587,customer587@example.com,bronze
CUST00588,Customer 588,customer588@example.com,silver
CUST00589,Customer 589,customer589@example.com,bronze
CUST00590,Customer 590,customer590@example.com,silver
CUST00591,Customer 591,customer591@example.com,gold
CUST00592,Customer 592,customer592@example.com,bronze
CUST00593,Customer 593,customer593@example.com,bronze
CUST00594,Customer 594,customer594@example.com,gold
CUST00595,Customer 595,customer595@example.com,gold
CUST00596,Customer 596,customer596@example.com,platinum
CUST00597,Customer 597,customer597@example.com,gold
CUST00598,Customer 598,customer598@example.com,gold
CUST00599,Customer 599,customer599@example.com,silver
CUST00600,Customer 600,customer600@example.com,silver
