order_item_id,order_id,product_id,quantity,line_total
OI0000001,ORD000001,PRD00008,3,287.88
OI0000002,ORD000002,PRD00015,2,208.52
OI0000003,ORD000003,PRD00022,5,106.8
OI0000004,ORD000004,PRD00029,5,935.8
OI0000005,ORD000005,PRD00036,2,130.88
OI0000006,ORD000006,PRD00043,5,497.05
OI0000007,ORD000007,PRD00050,1,66.5
OI0000008,ORD000008,PRD00057,5,1161.65
OI0000009,ORD000009,PRD00064,1,174.38
OI0000010,ORD000010,PRD00071,3,472.92
OI0000011,ORD000011,PRD00078,5,772.5
OI0000012,ORD000012,PRD00085,5,837.8
OI0000013,ORD000013,PRD00092,3,391.98
OI0000014,ORD000014,PRD00099,4,264.16
OI0000015,ORD000015,PRD00106,1,58.17
OI0000016,ORD000016,PRD00113,3,208.89
OI0000017,ORD000017,PRD00120,4,41.64
OI0000018,ORD000018,PRD00007,1,89.22
OI0000019,ORD000019,PRD00014,4,862.08
OI0000020,ORD000020,PRD00021,2,495.68
OI0000021,ORD000021,PRD00028,4,590.68
OI0000022,ORD000022,PRD00035,1,235.03
OI0000023,ORD000023,PRD00042,2,56.92
OI0000024,ORD000024,PRD00049,4,664.56
OI0000025,ORD000025,PRD00056,1,52.66
OI0000026,ORD000026,PRD00063,4,895.16
OI0000027,ORD000027,PRD00070,1,76.55
OI0000028,ORD000028,PRD00077,2,22.96
OI0000029,ORD000029,PRD00084,2,137.38
OI0000030,ORD000030,PRD00091,1,44.14
OI0000031,ORD000031,PRD00098,5,1129.7
OI0000032,ORD000032,PRD00105,5,316.35
OI0000033,ORD000033,PRD00112,2,252.74
OI0000034,ORD000034,PRD00119,1,58.84
OI0000035,ORD000035,PRD00006,1,135.34
OI0000036,ORD000036,PRD00013,5,378.95
OI0000037,ORD000037,PRD00020,1,247.15
OI0000038,ORD000038,PRD00027,5,964.65
OI0000039,ORD000039,PRD00034,2,313.88
OI0000040,ORD000040,PRD00041,2,344.86
OI0000041,ORD000041,PRD00048,2,469.22
OI0000042,ORD000042,PRD00055,3,598.02
OI0000043,ORD000043,PRD00062,4,917.92
OI0000044,ORD000044,PRD00069,5,395.15
OI0000045,ORD000045,PRD00076,5,457.85
OI0000046,ORD000046,PRD00083,4,484.88
OI0000047,ORD000047,PRD00090,4,846.32
OI0000048,ORD000048,PRD00097,1,207.0
OI0000049,ORD000049,PRD00104,4,666.16
OI0000050,ORD000050,PRD00111,1,124.55
OI0000051,ORD000051,PRD00118,2,430.52
OI0000052,ORD000052,PRD00005,3,476.82
OI0000053,ORD000053,PRD00012,3,192.63
OI0000054,ORD000054,PRD00019,1,15.68
OI0000055,ORD000055,PRD00026,3,286.59
OI0000056,ORD000056,PRD00033,3,390.66
OI0000057,ORD000057,PRD00040,3,47.31
OI0000058,ORD000058,PRD00047,4,382.84
OI0000059,ORD000059,PRD00054,2,216.3
OI0000060,ORD000060,PRD00061,5,68.9
OI0000061,ORD000061,PRD00068,4,484.56
OI0000062,ORD000062,PRD00075,4,941.48
OI0000063,ORD000063,PRD00082,4,622.48
OI0000064,ORD000064,PRD00089,5,581.3
OI0000065,ORD000065,PRD00096,1,129.23
OI0000066,ORD000066,PRD00103,3,253.65
OI0000067,ORD000067,PRD00110,4,171.92
OI0000068,ORD000068,PRD00117,5,1042.15
OI0000069,ORD000069,PRD00004,2,423.86
OI0000070,ORD000070,PRD00011,3,686.91
OI0000071,ORD000071,PRD00018,5,64.9
OI0000072,ORD000072,PRD00025,2,488.56
OI0000073,ORD000073,PRD00032,2,428.74
OI0000074,ORD000074,PRD00039,5,1140.55
OI0000075,ORD000075,PRD00046,2,290.46
OI0000076,ORD000076,PRD00053,4,364.96
OI0000077,ORD000077,PRD00060,4,795.56
OI0000078,ORD000078,PRD00067,3,125.82
OI0000079,ORD000079,PRD00074,2,481.92
OI0000080,ORD000080,PRD00081,5,429.85
OI0000081,ORD000081,PRD00088,4,428.84
OI0000082,ORD000082,PRD00095,1,235.27
OI0000083,ORD000083,PRD00102,5,669.85
OI0000084,ORD000084,PRD00109,1,32.34
OI0000085,ORD000085,PRD00116,5,222.65
OI0000086,ORD000086,PRD00003,4,180.96
OI0000087,ORD000087,PRD00010,1,179.94
OI0000088,ORD000088,PRD00017,5,354.35
OI0000089,ORD000089,PRD00024,3,235.86
OI0000090,ORD000090,PRD00031,2,71.7
OI0000091,ORD000091,PRD00038,5,624.55
OI0000092,ORD000092,PRD00045,5,607.75
OI0000093,ORD000093,PRD00052,3,28.8
OI0000094,ORD000094,PRD00059,2,476.94
OI0000095,ORD000095,PRD00066,3,90.3
OI0000096,ORD000096,PRD00073,1,119.28
OI0000097,ORD000097,PRD00080,1,27.33
OI0000098,ORD000098,PRD00087,3,741.72
OI0000099,ORD000099,PRD00094,5,308.65
OI0000100,ORD000100,PRD00101,1,10.97
OI0000101,ORD000101,PRD00108,4,546.32
OI0000102,ORD000102,PRD00115,1,238.9
OI0000103,ORD000103,PRD00002,2,421.9
OI0000104,ORD000104,PRD00009,2,21.94
OI0000105,ORD000105,PRD00016,5,298.3
OI0000106,ORD000106,PRD00023,3,356.73
OI0000107,ORD000107,PRD00030,2,373.42
OI0000108,ORD000108,PRD00037,3,407.43
OI0000109,ORD000109,PRD00044,1,137.35
OI0000110,ORD000110,PRD00051,2,12.22
OI0000111,ORD000111,PRD00058,4,943.44
OI0000112,ORD000112,PRD00065,1,45.12
OI0000113,ORD000113,PRD00072,2,446.7
OI0000114,ORD000114,PRD00079,1,236.23
OI0000115,ORD000115,PRD00086,2,447.44
OI0000116,ORD000116,PRD00093,5,424.2
OI0000117,ORD000117,PRD00100,5,76.1
OI0000118,ORD000118,PRD00107,3,234.15
OI0000119,ORD000119,PRD00114,4,429.28
OI0000120,ORD000120,PRD00001,3,559.05
OI0000121,ORD000121,PRD00008,3,287.88
OI0000122,ORD000122,PRD00015,5,521.3
OI0000123,ORD000123,PRD00022,4,85.44
OI0000124,ORD000124,PRD00029,5,935.8
OI0000125,ORD000125,PRD00036,5,327.2
OI0000126,ORD000126,PRD00043,1,99.41
OI0000127,ORD000127,PRD00050,2,133.0
OI0000128,ORD000128,PRD00057,5,1161.65
OI0000129,ORD000129,PRD00064,5,871.9
OI0000130,ORD000130,PRD00071,2,315.28
OI0000131,ORD000131,PRD00078,5,772.5
OI0000132,ORD000132,PRD00085,1,167.56
OI0000133,ORD000133,PRD00092,1,130.66
OI0000134,ORD000134,PRD00099,4,264.16
OI0000135,ORD000135,PRD00106,1,58.17
OI0000136,ORD000136,PRD00113,4,278.52
OI0000137,ORD000137,PRD00120,1,10.41
OI0000138,ORD000138,PRD00007,1,89.22
OI0000139,ORD000139,PRD00014,5,1077.6
OI0000140,ORD000140,PRD00021,5,1239.2
OI0000141,ORD000141,PRD00028,1,147.67
OI0000142,ORD000142,PRD00035,1,235.03
OI0000143,ORD000143,PRD00042,3,85.38
OI0000144,ORD000144,PRD00049,2,332.28
OI0000145,ORD000145,PRD00056,1,52.66
OI0000146,ORD000146,PRD00063,3,671.37
OI0000147,ORD000147,PRD00070,3,229.65
OI0000148,ORD000148,PRD00077,5,57.4
OI0000149,ORD000149,PRD00084,3,206.07
OI0000150,ORD000150,PRD00091,5,220.7
OI0000151,ORD000151,PRD00098,2,451.88
OI0000152,ORD000152,PRD00105,5,316.35
OI0000153,ORD000153,PRD00112,5,631.85
OI0000154,ORD000154,PRD00119,1,58.84
OI0000155,ORD000155,PRD00006,2,270.68
OI0000156,ORD000156,PRD00013,5,378.95
OI0000157,ORD000157,PRD00020,5,1235.75
OI0000158,ORD000158,PRD00027,2,385.86
OI0000159,ORD000159,PRD00034,5,784.7
OI0000160,ORD000160,PRD00041,1,172.43
OI0000161,ORD000161,PRD00048,1,234.61
OI0000162,ORD000162,PRD00055,4,797.36
OI0000163,ORD000163,PRD00062,4,917.92
OI0000164,ORD000164,PRD00069,1,79.03
OI0000165,ORD000165,PRD00076,4,366.28
OI0000166,ORD000166,PRD00083,4,484.88
OI0000167,ORD000167,PRD00090,3,634.74
OI0000168,ORD000168,PRD00097,3,621.0
OI0000169,ORD000169,PRD00104,1,166.54
OI0000170,ORD000170,PRD00111,3,373.65
OI0000171,ORD000171,PRD00118,5,1076.3
OI0000172,ORD000172,PRD00005,1,158.94
OI0000173,ORD000173,PRD00012,1,64.21
OI0000174,ORD000174,PRD00019,1,15.68
OI0000175,ORD000175,PRD00026,3,286.59
OI0000176,ORD000176,PRD00033,3,390.66
OI0000177,ORD000177,PRD00040,1,15.77
OI0000178,ORD000178,PRD00047,2,191.42
OI0000179,ORD000179,PRD00054,4,432.6
OI0000180,ORD000180,PRD00061,1,13.78
OI0000181,ORD000181,PRD00068,5,605.7
OI0000182,ORD000182,PRD00075,4,941.48
OI0000183,ORD000183,PRD00082,4,622.48
OI0000184,ORD000184,PRD00089,5,581.3
OI0000185,ORD000185,PRD00096,4,516.92
OI0000186,ORD000186,PRD00103,3,253.65
OI0000187,ORD000187,PRD00110,5,214.9
OI0000188,ORD000188,PRD00117,4,833.72
OI0000189,ORD000189,PRD00004,1,211.93
OI0000190,ORD000190,PRD00011,2,457.94
OI0000191,ORD000191,PRD00018,1,12.98
OI0000192,ORD000192,PRD00025,4,977.12
OI0000193,ORD000193,PRD00032,4,857.48
OI0000194,ORD000194,PRD00039,1,228.11
OI0000195,ORD000195,PRD00046,5,726.15
OI0000196,ORD000196,PRD00053,4,364.96
OI0000197,ORD000197,PRD00060,5,994.45
OI0000198,ORD000198,PRD00067,4,167.76
OI0000199,ORD000199,PRD00074,5,1204.8
OI0000200,ORD000200,PRD00081,2,171.94
OI0000201,ORD000201,PRD00088,2,214.42
OI0000202,ORD000202,PRD00095,3,705.81
OI0000203,ORD000203,PRD00102,2,267.94
OI0000204,ORD000204,PRD00109,2,64.68
OI0000205,ORD000205,PRD00116,2,89.06
OI0000206,ORD000206,PRD00003,4,180.96
OI0000207,ORD000207,PRD00010,2,359.88
OI0000208,ORD000208,PRD00017,1,70.87
OI0000209,ORD000209,PRD00024,3,235.86
OI0000210,ORD000210,PRD00031,2,71.7
OI0000211,ORD000211,PRD00038,2,249.82
OI0000212,ORD000212,PRD00045,5,607.75
OI0000213,ORD000213,PRD00052,5,48.0
OI0000214,ORD000214,PRD00059,3,715.41
OI0000215,ORD000215,PRD00066,1,30.1
OI0000216,ORD000216,PRD00073,3,357.84
OI0000217,ORD000217,PRD00080,3,81.99
OI0000218,ORD000218,PRD00087,5,1236.2
OI0000219,ORD000219,PRD00094,4,246.92
OI0000220,ORD000220,PRD00101,1,10.97
OI0000221,ORD000221,PRD00108,5,682.9
OI0000222,ORD000222,PRD00115,3,716.7
OI0000223,ORD000223,PRD00002,5,1054.75
OI0000224,ORD000224,PRD00009,5,54.85
OI0000225,ORD000225,PRD00016,3,178.98
OI0000226,ORD000226,PRD00023,2,237.82
OI0000227,ORD000227,PRD00030,2,373.42
OI0000228,ORD000228,PRD00037,5,679.05
OI0000229,ORD000229,PRD00044,3,412.05
OI0000230,ORD000230,PRD00051,2,12.22
OI0000231,ORD000231,PRD00058,2,471.72
OI0000232,ORD000232,PRD00065,3,135.36
OI0000233,ORD000233,PRD00072,2,446.7
OI0000234,ORD000234,PRD00079,4,944.92
OI0000235,ORD000235,PRD00086,2,447.44
OI0000236,ORD000236,PRD00093,4,339.36
OI0000237,ORD000237,PRD00100,4,60.88
OI0000238,ORD000238,PRD00107,5,390.25
OI0000239,ORD000239,PRD00114,2,214.64
OI0000240,ORD000240,PRD00001,4,745.4
OI0000241,ORD000241,PRD00008,2,191.92
OI0000242,ORD000242,PRD00015,5,521.3
OI0000243,ORD000243,PRD00022,3,64.08
OI0000244,ORD000244,PRD00029,1,187.16
OI0000245,ORD000245,PRD00036,5,327.2
OI0000246,ORD000246,PRD00043,5,497.05
OI0000247,ORD000247,PRD00050,2,133.0
OI0000248,ORD000248,PRD00057,1,232.33
OI0000249,ORD000249,PRD00064,4,697.52
OI0000250,ORD000250,PRD00071,5,788.2
OI0000251,ORD000251,PRD00078,2,309.0
OI0000252,ORD000252,PRD00085,3,502.68
OI0000253,ORD000253,PRD00092,2,261.32
OI0000254,ORD000254,PRD00099,4,264.16
OI0000255,ORD000255,PRD00106,2,116.34
OI0000256,ORD000256,PRD00113,3,208.89
OI0000257,ORD000257,PRD00120,1,10.41
OI0000258,ORD000258,PRD00007,1,89.22
OI0000259,ORD000259,PRD00014,2,431.04
OI0000260,ORD000260,PRD00021,4,991.36
OI0000261,ORD000261,PRD00028,5,738.35
OI0000262,ORD000262,PRD00035,4,940.12
OI0000263,ORD000263,PRD00042,3,85.38
OI0000264,ORD000264,PRD00049,5,830.7
OI0000265,ORD000265,PRD00056,3,157.98
OI0000266,ORD000266,PRD00063,3,671.37
OI0000267,ORD000267,PRD00070,3,229.65
OI0000268,ORD000268,PRD00077,3,34.44
OI0000269,ORD000269,PRD00084,3,206.07
OI0000270,ORD000270,PRD00091,1,44.14
OI0000271,ORD000271,PRD00098,4,903.76
OI0000272,ORD000272,PRD00105,4,253.08
OI0000273,ORD000273,PRD00112,1,126.37
OI0000274,ORD000274,PRD00119,5,294.2
OI0000275,ORD000275,PRD00006,5,676.7
OI0000276,ORD000276,PRD00013,5,378.95
OI0000277,ORD000277,PRD00020,4,988.6
OI0000278,ORD000278,PRD00027,4,771.72
OI0000279,ORD000279,PRD00034,2,313.88
OI0000280,ORD000280,PRD00041,5,862.15
OI0000281,ORD000281,PRD00048,2,469.22
OI0000282,ORD000282,PRD00055,2,398.68
OI0000283,ORD000283,PRD00062,2,458.96
OI0000284,ORD000284,PRD00069,1,79.03
OI0000285,ORD000285,PRD00076,3,274.71
OI0000286,ORD000286,PRD00083,4,484.88
OI0000287,ORD000287,PRD00090,5,1057.9
OI0000288,ORD000288,PRD00097,4,828.0
OI0000289,ORD000289,PRD00104,2,333.08
OI0000290,ORD000290,PRD00111,4,498.2
OI0000291,ORD000291,PRD00118,4,861.04
OI0000292,ORD000292,PRD00005,1,158.94
OI0000293,ORD000293,PRD00012,1,64.21
OI0000294,ORD000294,PRD00019,2,31.36
OI0000295,ORD000295,PRD00026,3,286.59
OI0000296,ORD000296,PRD00033,5,651.1
OI0000297,ORD000297,PRD00040,2,31.54
OI0000298,ORD000298,PRD00047,2,191.42
OI0000299,ORD000299,PRD00054,2,216.3
OI0000300,ORD000300,PRD00061,3,41.34
OI0000301,ORD000301,PRD00068,4,484.56
OI0000302,ORD000302,PRD00075,5,1176.85
OI0000303,ORD000303,PRD00082,3,466.86
OI0000304,ORD000304,PRD00089,2,232.52
OI0000305,ORD000305,PRD00096,2,258.46
OI0000306,ORD000306,PRD00103,2,169.1
OI0000307,ORD000307,PRD00110,4,171.92
OI0000308,ORD000308,PRD00117,4,833.72
OI0000309,ORD000309,PRD00004,3,635.79
OI0000310,ORD000310,PRD00011,2,457.94
OI0000311,ORD000311,PRD00018,2,25.96
OI0000312,ORD000312,PRD00025,3,732.84
OI0000313,ORD000313,PRD00032,1,214.37
OI0000314,ORD000314,PRD00039,3,684.33
OI0000315,ORD000315,PRD00046,5,726.15
OI0000316,ORD000316,PRD00053,2,182.48
OI0000317,ORD000317,PRD00060,3,596.67
OI0000318,ORD000318,PRD00067,4,167.76
OI0000319,ORD000319,PRD00074,1,240.96
OI0000320,ORD000320,PRD00081,3,257.91
OI0000321,ORD000321,PRD00088,3,321.63
OI0000322,ORD000322,PRD00095,1,235.27
OI0000323,ORD000323,PRD00102,1,133.97
OI0000324,ORD000324,PRD00109,3,97.02
OI0000325,ORD000325,PRD00116,5,222.65
OI0000326,ORD000326,PRD00003,3,135.72
OI0000327,ORD000327,PRD00010,4,719.76
OI0000328,ORD000328,PRD00017,5,354.35
OI0000329,ORD000329,PRD00024,2,157.24
OI0000330,ORD000330,PRD00031,2,71.7
OI0000331,ORD000331,PRD00038,4,499.64
OI0000332,ORD000332,PRD00045,1,121.55
OI0000333,ORD000333,PRD00052,3,28.8
OI0000334,ORD000334,PRD00059,3,715.41
OI0000335,ORD000335,PRD00066,3,90.3
OI0000336,ORD000336,PRD00073,5,596.4
OI0000337,ORD000337,PRD00080,5,136.65
OI0000338,ORD000338,PRD00087,5,1236.2
OI0000339,ORD000339,PRD00094,5,308.65
OI0000340,ORD000340,PRD00101,5,54.85
OI0000341,ORD000341,PRD00108,4,546.32
OI0000342,ORD000342,PRD00115,1,238.9
OI0000343,ORD000343,PRD00002,5,1054.75
OI0000344,ORD000344,PRD00009,3,32.91
OI0000345,ORD000345,PRD00016,2,119.32
OI0000346,ORD000346,PRD00023,1,118.91
OI0000347,ORD000347,PRD00030,4,746.84
OI0000348,ORD000348,PRD00037,5,679.05
OI0000349,ORD000349,PRD00044,3,412.05
OI0000350,ORD000350,PRD00051,1,6.11
OI0000351,ORD000351,PRD00058,3,707.58
OI0000352,ORD000352,PRD00065,1,45.12
OI0000353,ORD000353,PRD00072,1,223.35
OI0000354,ORD000354,PRD00079,5,1181.15
OI0000355,ORD000355,PRD00086,4,894.88
OI0000356,ORD000356,PRD00093,1,84.84
OI0000357,ORD000357,PRD00100,3,45.66
OI0000358,ORD000358,PRD00107,5,390.25
OI0000359,ORD000359,PRD00114,5,536.6
OI0000360,ORD000360,PRD00001,5,931.75
OI0000361,ORD000361,PRD00008,1,95.96
OI0000362,ORD000362,PRD00015,3,312.78
OI0000363,ORD000363,PRD00022,3,64.08
OI0000364,ORD000364,PRD00029,3,561.48
OI0000365,ORD000365,PRD00036,4,261.76
OI0000366,ORD000366,PRD00043,4,397.64
OI0000367,ORD000367,PRD00050,4,266.0
OI0000368,ORD000368,PRD00057,2,464.66
OI0000369,ORD000369,PRD00064,1,174.38
OI0000370,ORD000370,PRD00071,3,472.92
OI0000371,ORD000371,PRD00078,4,618.0
OI0000372,ORD000372,PRD00085,5,837.8
OI0000373,ORD000373,PRD00092,4,522.64
OI0000374,ORD000374,PRD00099,2,132.08
OI0000375,ORD000375,PRD00106,3,174.51
OI0000376,ORD000376,PRD00113,3,208.89
OI0000377,ORD000377,PRD00120,2,20.82
OI0000378,ORD000378,PRD00007,4,356.88
OI0000379,ORD000379,PRD00014,3,646.56
OI0000380,ORD000380,PRD00021,4,991.36
OI0000381,ORD000381,PRD00028,3,443.01
OI0000382,ORD000382,PRD00035,3,705.09
OI0000383,ORD000383,PRD00042,1,28.46
OI0000384,ORD000384,PRD00049,1,166.14
OI0000385,ORD000385,PRD00056,1,52.66
OI0000386,ORD000386,PRD00063,4,895.16
OI0000387,ORD000387,PRD00070,5,382.75
OI0000388,ORD000388,PRD00077,1,11.48
OI0000389,ORD000389,PRD00084,2,137.38
OI0000390,ORD000390,PRD00091,3,132.42
OI0000391,ORD000391,PRD00098,4,903.76
OI0000392,ORD000392,PRD00105,5,316.35
OI0000393,ORD000393,PRD00112,1,126.37
OI0000394,ORD000394,PRD00119,5,294.2
OI0000395,ORD000395,PRD00006,1,135.34
OI0000396,ORD000396,PRD00013,2,151.58
OI0000397,ORD000397,PRD00020,5,1235.75
OI0000398,ORD000398,PRD00027,3,578.79
OI0000399,ORD000399,PRD00034,1,156.94
OI0000400,ORD000400,PRD00041,5,862.15
OI0000401,ORD000401,PRD00048,3,703.83
OI0000402,ORD000402,PRD00055,4,797.36
OI0000403,ORD000403,PRD00062,4,917.92
OI0000404,ORD000404,PRD00069,1,79.03
OI0000405,ORD000405,PRD00076,3,274.71
OI0000406,ORD000406,PRD00083,5,606.1
OI0000407,ORD000407,PRD00090,3,634.74
OI0000408,ORD000408,PRD00097,5,1035.0
OI0000409,ORD000409,PRD00104,1,166.54
OI0000410,ORD000410,PRD00111,1,124.55
OI0000411,ORD000411,PRD00118,3,645.78
OI0000412,ORD000412,PRD00005,3,476.82
OI0000413,ORD000413,PRD00012,5,321.05
OI0000414,ORD000414,PRD00019,3,47.04
OI0000415,ORD000415,PRD00026,1,95.53
OI0000416,ORD000416,PRD00033,1,130.22
OI0000417,ORD000417,PRD00040,3,47.31
OI0000418,ORD000418,PRD00047,1,95.71
OI0000419,ORD000419,PRD00054,3,324.45
OI0000420,ORD000420,PRD00061,3,41.34
OI0000421,ORD000421,PRD00068,2,242.28
OI0000422,ORD000422,PRD00075,5,1176.85
OI0000423,ORD000423,PRD00082,5,778.1
OI0000424,ORD000424,PRD00089,5,581.3
OI0000425,ORD000425,PRD00096,3,387.69
OI0000426,ORD000426,PRD00103,4,338.2
OI0000427,ORD000427,PRD00110,4,171.92
OI0000428,ORD000428,PRD00117,2,416.86
OI0000429,ORD000429,PRD00004,2,423.86
OI0000430,ORD000430,PRD00011,1,228.97
OI0000431,ORD000431,PRD00018,5,64.9
OI0000432,ORD000432,PRD00025,5,1221.4
OI0000433,ORD000433,PRD00032,2,428.74
OI0000434,ORD000434,PRD00039,4,912.44
OI0000435,ORD000435,PRD00046,4,580.92
OI0000436,ORD000436,PRD00053,3,273.72
OI0000437,ORD000437,PRD00060,4,795.56
OI0000438,ORD000438,PRD00067,3,125.82
OI0000439,ORD000439,PRD00074,5,1204.8
OI0000440,ORD000440,PRD00081,2,171.94
OI0000441,ORD000441,PRD00088,1,107.21
OI0000442,ORD000442,PRD00095,4,941.08
OI0000443,ORD000443,PRD00102,5,669.85
OI0000444,ORD000444,PRD00109,1,32.34
OI0000445,ORD000445,PRD00116,3,133.59
OI0000446,ORD000446,PRD00003,2,90.48
OI0000447,ORD000447,PRD00010,2,359.88
OI0000448,ORD000448,PRD00017,1,70.87
OI0000449,ORD000449,PRD00024,4,314.48
OI0000450,ORD000450,PRD00031,4,143.4
OI0000451,ORD000451,PRD00038,1,124.91
OI0000452,ORD000452,PRD00045,4,486.2
OI0000453,ORD000453,PRD00052,2,19.2
OI0000454,ORD000454,PRD00059,2,476.94
OI0000455,ORD000455,PRD00066,3,90.3
OI0000456,ORD000456,PRD00073,3,357.84
OI0000457,ORD000457,PRD00080,4,109.32
OI0000458,ORD000458,PRD00087,1,247.24
OI0000459,ORD000459,PRD00094,5,308.65
OI0000460,ORD000460,PRD00101,2,21.94
OI0000461,ORD000461,PRD00108,3,409.74
OI0000462,ORD000462,PRD00115,5,1194.5
OI0000463,ORD000463,PRD00002,5,1054.75
OI0000464,ORD000464,PRD00009,5,54.85
OI0000465,ORD000465,PRD00016,1,59.66
OI0000466,ORD000466,PRD00023,5,594.55
OI0000467,ORD000467,PRD00030,5,933.55
OI0000468,ORD000468,PRD00037,5,679.05
OI0000469,ORD000469,PRD00044,2,274.7
OI0000470,ORD000470,PRD00051,3,18.33
OI0000471,ORD000471,PRD00058,5,1179.3
OI0000472,ORD000472,PRD00065,5,225.6
OI0000473,ORD000473,PRD00072,3,670.05
OI0000474,ORD000474,PRD00079,1,236.23
OI0000475,ORD000475,PRD00086,4,894.88
OI0000476,ORD000476,PRD00093,1,84.84
OI0000477,ORD000477,PRD00100,3,45.66
OI0000478,ORD000478,PRD00107,2,156.1
OI0000479,ORD000479,PRD00114,2,214.64
OI0000480,ORD000480,PRD00001,4,745.4
OI0000481,ORD000481,PRD00008,1,95.96
OI0000482,ORD000482,PRD00015,2,208.52
OI0000483,ORD000483,PRD00022,4,85.44
OI0000484,ORD000484,PRD00029,1,187.16
OI0000485,ORD000485,PRD00036,2,130.88
OI0000486,ORD000486,PRD00043,2,198.82
OI0000487,ORD000487,PRD00050,5,332.5
OI0000488,ORD000488,PRD00057,3,696.99
OI0000489,ORD000489,PRD00064,4,697.52
OI0000490,ORD000490,PRD00071,1,157.64
OI0000491,ORD000491,PRD00078,1,154.5
OI0000492,ORD000492,PRD00085,4,670.24
OI0000493,ORD000493,PRD00092,3,391.98
OI0000494,ORD000494,PRD00099,4,264.16
OI0000495,ORD000495,PRD00106,1,58.17
OI0000496,ORD000496,PRD00113,4,278.52
OI0000497,ORD000497,PRD00120,2,20.82
OI0000498,ORD000498,PRD00007,2,178.44
OI0000499,ORD000499,PRD00014,2,431.04
OI0000500,ORD000500,PRD00021,1,247.84
OI0000501,ORD000501,PRD00028,1,147.67
OI0000502,ORD000502,PRD00035,5,1175.15
OI0000503,ORD000503,PRD00042,4,113.84
OI0000504,ORD000504,PRD00049,3,498.42
OI0000505,ORD000505,PRD00056,4,210.64
OI0000506,ORD000506,PRD00063,4,895.16
OI0000507,ORD000507,PRD00070,1,76.55
OI0000508,ORD000508,PRD00077,4,45.92
OI0000509,ORD000509,PRD00084,1,68.69
OI0000510,ORD000510,PRD00091,4,176.56
OI0000511,ORD000511,PRD00098,5,1129.7
OI0000512,ORD000512,PRD00105,5,316.35
OI0000513,ORD000513,PRD00112,5,631.85
OI0000514,ORD000514,PRD00119,2,117.68
OI0000515,ORD000515,PRD00006,3,406.02
OI0000516,ORD000516,PRD00013,4,303.16
OI0000517,ORD000517,PRD00020,5,1235.75
OI0000518,ORD000518,PRD00027,1,192.93
OI0000519,ORD000519,PRD00034,1,156.94
OI0000520,ORD000520,PRD00041,5,862.15
OI0000521,ORD000521,PRD00048,1,234.61
OI0000522,ORD000522,PRD00055,1,199.34
OI0000523,ORD000523,PRD00062,2,458.96
OI0000524,ORD000524,PRD00069,3,237.09
OI0000525,ORD000525,PRD00076,2,183.14
OI0000526,ORD000526,PRD00083,4,484.88
OI0000527,ORD000527,PRD00090,4,846.32
OI0000528,ORD000528,PRD00097,3,621.0
OI0000529,ORD000529,PRD00104,3,499.62
OI0000530,ORD000530,PRD00111,2,249.1
OI0000531,ORD000531,PRD00118,2,430.52
OI0000532,ORD000532,PRD00005,5,794.7
OI0000533,ORD000533,PRD00012,4,256.84
OI0000534,ORD000534,PRD00019,1,15.68
OI0000535,ORD000535,PRD00026,2,191.06
OI0000536,ORD000536,PRD00033,1,130.22
OI0000537,ORD000537,PRD00040,2,31.54
OI0000538,ORD000538,PRD00047,2,191.42
OI0000539,ORD000539,PRD00054,3,324.45
OI0000540,ORD000540,PRD00061,4,55.12
OI0000541,ORD000541,PRD00068,1,121.14
OI0000542,ORD000542,PRD00075,5,1176.85
OI0000543,ORD000543,PRD00082,4,622.48
OI0000544,ORD000544,PRD00089,5,581.3
OI0000545,ORD000545,PRD00096,2,258.46
OI0000546,ORD000546,PRD00103,1,84.55
OI0000547,ORD000547,PRD00110,3,128.94
OI0000548,ORD000548,PRD00117,5,1042.15
OI0000549,ORD000549,PRD00004,1,211.93
OI0000550,ORD000550,PRD00011,1,228.97
OI0000551,ORD000551,PRD00018,3,38.94
OI0000552,ORD000552,PRD00025,3,732.84
OI0000553,ORD000553,PRD00032,4,857.48
OI0000554,ORD000554,PRD00039,5,1140.55
OI0000555,ORD000555,PRD00046,2,290.46
OI0000556,ORD000556,PRD00053,5,456.2
OI0000557,ORD000557,PRD00060,3,596.67
OI0000558,ORD000558,PRD00067,4,167.76
OI0000559,ORD000559,PRD00074,1,240.96
OI0000560,ORD000560,PRD00081,1,85.97
OI0000561,ORD000561,PRD00088,5,536.05
OI0000562,ORD000562,PRD00095,3,705.81
OI0000563,ORD000563,PRD00102,5,669.85
OI0000564,ORD000564,PRD00109,2,64.68
OI0000565,ORD000565,PRD00116,5,222.65
OI0000566,ORD000566,PRD00003,3,135.72
OI0000567,ORD000567,PRD00010,5,899.7
OI0000568,ORD000568,PRD00017,5,354.35
OI0000569,ORD000569,PRD00024,3,235.86
OI0000570,ORD000570,PRD00031,4,143.4
OI0000571,ORD000571,PRD00038,2,249.82
OI0000572,ORD000572,PRD00045,2,243.1
OI0000573,ORD000573,PRD00052,3,28.8
OI0000574,ORD000574,PRD00059,5,1192.35
OI0000575,ORD000575,PRD00066,2,60.2
OI0000576,ORD000576,PRD00073,3,357.84
OI0000577,ORD000577,PRD00080,5,136.65
OI0000578,ORD000578,PRD00087,5,1236.2
OI0000579,ORD000579,PRD00094,4,246.92
OI0000580,ORD000580,PRD00101,3,32.91
OI0000581,ORD000581,PRD00108,2,273.16
OI0000582,ORD000582,PRD00115,5,1194.5
OI0000583,ORD000583,PRD00002,4,843.8
OI0000584,ORD000584,PRD00009,2,21.94
OI0000585,ORD000585,PRD00016,2,119.32
OI0000586,ORD000586,PRD00023,3,356.73
OI0000587,ORD000587,PRD00030,5,933.55
OI0000588,ORD000588,PRD00037,1,135.81
OI0000589,ORD000589,PRD00044,5,686.75
OI0000590,ORD000590,PRD00051,1,6.11
OI0000591,ORD000591,PRD00058,4,943.44
OI0000592,ORD000592,PRD00065,4,180.48
OI0000593,ORD000593,PRD00072,3,670.05
OI0000594,ORD000594,PRD00079,3,708.69
OI0000595,ORD000595,PRD00086,3,671.16
OI0000596,ORD000596,PRD00093,3,254.52
OI0000597,ORD000597,PRD00100,3,45.66
OI0000598,ORD000598,PRD00107,3,234.15
OI0000599,ORD000599,PRD00114,3,321.96
OI0000600,ORD000600,PRD00001,2,372.7
OI0000601,ORD000601,PRD00008,1,95.96
OI0000602,ORD000602,PRD00015,4,417.04
OI0000603,ORD000603,PRD00022,3,64.08
OI0000604,ORD000604,PRD00029,3,561.48
OI0000605,ORD000605,PRD00036,4,261.76
OI0000606,ORD000606,PRD00043,1,99.41
OI0000607,ORD000607,PRD00050,3,199.5
OI0000608,ORD000608,PRD00057,2,464.66
OI0000609,ORD000609,PRD00064,4,697.52
OI0000610,ORD000610,PRD00071,3,472.92
OI0000611,ORD000611,PRD00078,1,154.5
OI0000612,ORD000612,PRD00085,5,837.8
OI0000613,ORD000613,PRD00092,1,130.66
OI0000614,ORD000614,PRD00099,1,66.04
OI0000615,ORD000615,PRD00106,4,232.68
OI0000616,ORD000616,PRD00113,4,278.52
OI0000617,ORD000617,PRD00120,2,20.82
OI0000618,ORD000618,PRD00007,5,446.1
OI0000619,ORD000619,PRD00014,1,215.52
OI0000620,ORD000620,PRD00021,1,247.84
OI0000621,ORD000621,PRD00028,1,147.67
OI0000622,ORD000622,PRD00035,1,235.03
OI0000623,ORD000623,PRD00042,1,28.46
OI0000624,ORD000624,PRD00049,1,166.14
OI0000625,ORD000625,PRD00056,5,263.3
OI0000626,ORD000626,PRD00063,4,895.16
OI0000627,ORD000627,PRD00070,3,229.65
OI0000628,ORD000628,PRD00077,5,57.4
OI0000629,ORD000629,PRD00084,4,274.76
OI0000630,ORD000630,PRD00091,2,88.28
OI0000631,ORD000631,PRD00098,1,225.94
OI0000632,ORD000632,PRD00105,1,63.27
OI0000633,ORD000633,PRD00112,1,126.37
OI0000634,ORD000634,PRD00119,2,117.68
OI0000635,ORD000635,PRD00006,5,676.7
OI0000636,ORD000636,PRD00013,1,75.79
OI0000637,ORD000637,PRD00020,1,247.15
OI0000638,ORD000638,PRD00027,2,385.86
OI0000639,ORD000639,PRD00034,3,470.82
OI0000640,ORD000640,PRD00041,1,172.43
OI0000641,ORD000641,PRD00048,5,1173.05
OI0000642,ORD000642,PRD00055,1,199.34
OI0000643,ORD000643,PRD00062,2,458.96
OI0000644,ORD000644,PRD00069,4,316.12
OI0000645,ORD000645,PRD00076,4,366.28
OI0000646,ORD000646,PRD00083,2,242.44
OI0000647,ORD000647,PRD00090,1,211.58
OI0000648,ORD000648,PRD00097,3,621.0
OI0000649,ORD000649,PRD00104,2,333.08
OI0000650,ORD000650,PRD00111,3,373.65
OI0000651,ORD000651,PRD00118,2,430.52
OI0000652,ORD000652,PRD00005,4,635.76
OI0000653,ORD000653,PRD00012,5,321.05
OI0000654,ORD000654,PRD00019,1,15.68
OI0000655,ORD000655,PRD00026,4,382.12
OI0000656,ORD000656,PRD00033,5,651.1
OI0000657,ORD000657,PRD00040,5,78.85
OI0000658,ORD000658,PRD00047,4,382.84
OI0000659,ORD000659,PRD00054,2,216.3
OI0000660,ORD000660,PRD00061,2,27.56
OI0000661,ORD000661,PRD00068,1,121.14
OI0000662,ORD000662,PRD00075,2,470.74
OI0000663,ORD000663,PRD00082,4,622.48
OI0000664,ORD000664,PRD00089,4,465.04
OI0000665,ORD000665,PRD00096,3,387.69
OI0000666,ORD000666,PRD00103,3,253.65
OI0000667,ORD000667,PRD00110,5,214.9
OI0000668,ORD000668,PRD00117,2,416.86
OI0000669,ORD000669,PRD00004,5,1059.65
OI0000670,ORD000670,PRD00011,4,915.88
OI0000671,ORD000671,PRD00018,2,25.96
OI0000672,ORD000672,PRD00025,1,244.28
OI0000673,ORD000673,PRD00032,3,643.11
OI0000674,ORD000674,PRD00039,5,1140.55
OI0000675,ORD000675,PRD00046,2,290.46
OI0000676,ORD000676,PRD00053,3,273.72
OI0000677,ORD000677,PRD00060,4,795.56
OI0000678,ORD000678,PRD00067,3,125.82
OI0000679,ORD000679,PRD00074,1,240.96
OI0000680,ORD000680,PRD00081,2,171.94
OI0000681,ORD000681,PRD00088,5,536.05
OI0000682,ORD000682,PRD00095,3,705.81
OI0000683,ORD000683,PRD00102,4,535.88
OI0000684,ORD000684,PRD00109,2,64.68
OI0000685,ORD000685,PRD00116,2,89.06
OI0000686,ORD000686,PRD00003,2,90.48
OI0000687,ORD000687,PRD00010,2,359.88
OI0000688,ORD000688,PRD00017,3,212.61
OI0000689,ORD000689,PRD00024,2,157.24
OI0000690,ORD000690,PRD00031,4,143.4
OI0000691,ORD000691,PRD00038,3,374.73
OI0000692,ORD000692,PRD00045,4,486.2
OI0000693,ORD000693,PRD00052,1,9.6
OI0000694,ORD000694,PRD00059,2,476.94
OI0000695,ORD000695,PRD00066,2,60.2
OI0000696,ORD000696,PRD00073,4,477.12
OI0000697,ORD000697,PRD00080,2,54.66
OI0000698,ORD000698,PRD00087,1,247.24
OI0000699,ORD000699,PRD00094,5,308.65
OI0000700,ORD000700,PRD00101,4,43.88
OI0000701,ORD000701,PRD00108,5,682.9
OI0000702,ORD000702,PRD00115,4,955.6
OI0000703,ORD000703,PRD00002,2,421.9
OI0000704,ORD000704,PRD00009,1,10.97
OI0000705,ORD000705,PRD00016,2,119.32
OI0000706,ORD000706,PRD00023,4,475.64
OI0000707,ORD000707,PRD00030,3,560.13
OI0000708,ORD000708,PRD00037,3,407.43
OI0000709,ORD000709,PRD00044,3,412.05
OI0000710,ORD000710,PRD00051,4,24.44
OI0000711,ORD000711,PRD00058,5,1179.3
OI0000712,ORD000712,PRD00065,3,135.36
OI0000713,ORD000713,PRD00072,2,446.7
OI0000714,ORD000714,PRD00079,5,1181.15
OI0000715,ORD000715,PRD00086,3,671.16
OI0000716,ORD000716,PRD00093,4,339.36
OI0000717,ORD000717,PRD00100,5,76.1
OI0000718,ORD000718,PRD00107,1,78.05
OI0000719,ORD000719,PRD00114,5,536.6
OI0000720,ORD000720,PRD00001,2,372.7
OI0000721,ORD000721,PRD00008,5,479.8
OI0000722,ORD000722,PRD00015,4,417.04
OI0000723,ORD000723,PRD00022,2,42.72
OI0000724,ORD000724,PRD00029,5,935.8
OI0000725,ORD000725,PRD00036,4,261.76
OI0000726,ORD000726,PRD00043,1,99.41
OI0000727,ORD000727,PRD00050,3,199.5
OI0000728,ORD000728,PRD00057,1,232.33
OI0000729,ORD000729,PRD00064,4,697.52
OI0000730,ORD000730,PRD00071,3,472.92
OI0000731,ORD000731,PRD00078,4,618.0
OI0000732,ORD000732,PRD00085,3,502.68
OI0000733,ORD000733,PRD00092,1,130.66
OI0000734,ORD000734,PRD00099,3,198.12
OI0000735,ORD000735,PRD00106,4,232.68
OI0000736,ORD000736,PRD00113,4,278.52
OI0000737,ORD000737,PRD00120,1,10.41
OI0000738,ORD000738,PRD00007,4,356.88
OI0000739,ORD000739,PRD00014,3,646.56
OI0000740,ORD000740,PRD00021,4,991.36
OI0000741,ORD000741,PRD00028,3,443.01
OI0000742,ORD000742,PRD00035,3,705.09
OI0000743,ORD000743,PRD00042,2,56.92
OI0000744,ORD000744,PRD00049,1,166.14
OI0000745,ORD000745,PRD00056,1,52.66
OI0000746,ORD000746,PRD00063,2,447.58
OI0000747,ORD000747,PRD00070,5,382.75
OI0000748,ORD000748,PRD00077,4,45.92
OI0000749,ORD000749,PRD00084,2,137.38
OI0000750,ORD000750,PRD00091,2,88.28
OI0000751,ORD000751,PRD00098,4,903.76
OI0000752,ORD000752,PRD00105,3,189.81
OI0000753,ORD000753,PRD00112,3,379.11
OI0000754,ORD000754,PRD00119,3,176.52
OI0000755,ORD000755,PRD00006,5,676.7
OI0000756,ORD000756,PRD00013,4,303.16
OI0000757,ORD000757,PRD00020,1,247.15
OI0000758,ORD000758,PRD00027,3,578.79
OI0000759,ORD000759,PRD00034,3,470.82
OI0000760,ORD000760,PRD00041,3,517.29
OI0000761,ORD000761,PRD00048,3,703.83
OI0000762,ORD000762,PRD00055,1,199.34
OI0000763,ORD000763,PRD00062,4,917.92
OI0000764,ORD000764,PRD00069,4,316.12
OI0000765,ORD000765,PRD00076,1,91.57
OI0000766,ORD000766,PRD00083,5,606.1
OI0000767,ORD000767,PRD00090,5,1057.9
OI0000768,ORD000768,PRD00097,2,414.0
OI0000769,ORD000769,PRD00104,3,499.62
OI0000770,ORD000770,PRD00111,3,373.65
OI0000771,ORD000771,PRD00118,4,861.04
OI0000772,ORD000772,PRD00005,4,635.76
OI0000773,ORD000773,PRD00012,4,256.84
OI0000774,ORD000774,PRD00019,3,47.04
OI0000775,ORD000775,PRD00026,4,382.12
OI0000776,ORD000776,PRD00033,5,651.1
OI0000777,ORD000777,PRD00040,1,15.77
OI0000778,ORD000778,PRD00047,5,478.55
OI0000779,ORD000779,PRD00054,5,540.75
OI0000780,ORD000780,PRD00061,5,68.9
OI0000781,ORD000781,PRD00068,1,121.14
OI0000782,ORD000782,PRD00075,2,470.74
OI0000783,ORD000783,PRD00082,5,778.1
OI0000784,ORD000784,PRD00089,5,581.3
OI0000785,ORD000785,PRD00096,4,516.92
OI0000786,ORD000786,PRD00103,4,338.2
OI0000787,ORD000787,PRD00110,3,128.94
OI0000788,ORD000788,PRD00117,1,208.43
OI0000789,ORD000789,PRD00004,1,211.93
OI0000790,ORD000790,PRD00011,1,228.97
OI0000791,ORD000791,PRD00018,5,64.9
OI0000792,ORD000792,PRD00025,1,244.28
OI0000793,ORD000793,PRD00032,5,1071.85
OI0000794,ORD000794,PRD00039,3,684.33
OI0000795,ORD000795,PRD00046,2,290.46
OI0000796,ORD000796,PRD00053,2,182.48
OI0000797,ORD000797,PRD00060,3,596.67
OI0000798,ORD000798,PRD00067,5,209.7
OI0000799,ORD000799,PRD00074,2,481.92
OI0000800,ORD000800,PRD00081,4,343.88
OI0000801,ORD000001,PRD00088,3,321.63
OI0000802,ORD000002,PRD00095,1,235.27
OI0000803,ORD000003,PRD00102,5,669.85
OI0000804,ORD000004,PRD00109,1,32.34
OI0000805,ORD000005,PRD00116,5,222.65
OI0000806,ORD000006,PRD00003,2,90.48
OI0000807,ORD000007,PRD00010,3,539.82
OI0000808,ORD000008,PRD00017,5,354.35
OI0000809,ORD000009,PRD00024,1,78.62
OI0000810,ORD000010,PRD00031,1,35.85
OI0000811,ORD000011,PRD00038,4,499.64
OI0000812,ORD000012,PRD00045,1,121.55
OI0000813,ORD000013,PRD00052,3,28.8
OI0000814,ORD000014,PRD00059,3,715.41
OI0000815,ORD000015,PRD00066,5,150.5
OI0000816,ORD000016,PRD00073,4,477.12
OI0000817,ORD000017,PRD00080,3,81.99
OI0000818,ORD000018,PRD00087,4,988.96
OI0000819,ORD000019,PRD00094,2,123.46
OI0000820,ORD000020,PRD00101,4,43.88
OI0000821,ORD000021,PRD00108,3,409.74
OI0000822,ORD000022,PRD00115,2,477.8
OI0000823,ORD000023,PRD00002,4,843.8
OI0000824,ORD000024,PRD00009,5,54.85
OI0000825,ORD000025,PRD00016,3,178.98
OI0000826,ORD000026,PRD00023,5,594.55
OI0000827,ORD000027,PRD00030,3,560.13
OI0000828,ORD000028,PRD00037,3,407.43
OI0000829,ORD000029,PRD00044,4,549.4
OI0000830,ORD000030,PRD00051,4,24.44
OI0000831,ORD000031,PRD00058,3,707.58
OI0000832,ORD000032,PRD00065,5,225.6
OI0000833,ORD000033,PRD00072,1,223.35
OI0000834,ORD000034,PRD00079,1,236.23
OI0000835,ORD000035,PRD00086,2,447.44
OI0000836,ORD000036,PRD00093,2,169.68
OI0000837,ORD000037,PRD00100,5,76.1
OI0000838,ORD000038,PRD00107,1,78.05
OI0000839,ORD000039,PRD00114,4,429.28
OI0000840,ORD000040,PRD00001,2,372.7
OI0000841,ORD000041,PRD00008,2,191.92
OI0000842,ORD000042,PRD00015,5,521.3
OI0000843,ORD000043,PRD00022,5,106.8
OI0000844,ORD000044,PRD00029,1,187.16
OI0000845,ORD000045,PRD00036,4,261.76
OI0000846,ORD000046,PRD00043,5,497.05
OI0000847,ORD000047,PRD00050,2,133.0
OI0000848,ORD000048,PRD00057,2,464.66
OI0000849,ORD000049,PRD00064,1,174.38
OI0000850,ORD000050,PRD00071,5,788.2
OI0000851,ORD000051,PRD00078,4,618.0
OI0000852,ORD000052,PRD00085,2,335.12
OI0000853,ORD000053,PRD00092,5,653.3
OI0000854,ORD000054,PRD00099,5,330.2
OI0000855,ORD000055,PRD00106,4,232.68
OI0000856,ORD000056,PRD00113,4,278.52
OI0000857,ORD000057,PRD00120,4,41.64
OI0000858,ORD000058,PRD00007,1,89.22
OI0000859,ORD000059,PRD00014,5,1077.6
OI0000860,ORD000060,PRD00021,5,1239.2
OI0000861,ORD000061,PRD00028,2,295.34
OI0000862,ORD000062,PRD00035,2,470.06
OI0000863,ORD000063,PRD00042,4,113.84
OI0000864,ORD000064,PRD00049,3,498.42
OI0000865,ORD000065,PRD00056,4,210.64
OI0000866,ORD000066,PRD00063,3,671.37
OI0000867,ORD000067,PRD00070,1,76.55
OI0000868,ORD000068,PRD00077,1,11.48
OI0000869,ORD000069,PRD00084,1,68.69
OI0000870,ORD000070,PRD00091,4,176.56
OI0000871,ORD000071,PRD00098,4,903.76
OI0000872,ORD000072,PRD00105,5,316.35
OI0000873,ORD000073,PRD00112,2,252.74
OI0000874,ORD000074,PRD00119,1,58.84
OI0000875,ORD000075,PRD00006,5,676.7
OI0000876,ORD000076,PRD00013,4,303.16
OI0000877,ORD000077,PRD00020,5,1235.75
OI0000878,ORD000078,PRD00027,4,771.72
OI0000879,ORD000079,PRD00034,1,156.94
OI0000880,ORD000080,PRD00041,1,172.43
OI0000881,ORD000081,PRD00048,4,938.44
OI0000882,ORD000082,PRD00055,3,598.02
OI0000883,ORD000083,PRD00062,2,458.96
OI0000884,ORD000084,PRD00069,4,316.12
OI0000885,ORD000085,PRD00076,5,457.85
OI0000886,ORD000086,PRD00083,1,121.22
OI0000887,ORD000087,PRD00090,3,634.74
OI0000888,ORD000088,PRD00097,3,621.0
OI0000889,ORD000089,PRD00104,1,166.54
OI0000890,ORD000090,PRD00111,2,249.1
OI0000891,ORD000091,PRD00118,5,1076.3
OI0000892,ORD000092,PRD00005,2,317.88
OI0000893,ORD000093,PRD00012,2,128.42
OI0000894,ORD000094,PRD00019,5,78.4
OI0000895,ORD000095,PRD00026,2,191.06
OI0000896,ORD000096,PRD00033,4,520.88
OI0000897,ORD000097,PRD00040,5,78.85
OI0000898,ORD000098,PRD00047,4,382.84
OI0000899,ORD000099,PRD00054,4,432.6
OI0000900,ORD000100,PRD00061,3,41.34
OI0000901,ORD000101,PRD00068,5,605.7
OI0000902,ORD000102,PRD00075,2,470.74
OI0000903,ORD000103,PRD00082,2,311.24
OI0000904,ORD000104,PRD00089,3,348.78
OI0000905,ORD000105,PRD00096,3,387.69
OI0000906,ORD000106,PRD00103,2,169.1
OI0000907,ORD000107,PRD00110,4,171.92
OI0000908,ORD000108,PRD00117,3,625.29
OI0000909,ORD000109,PRD00004,1,211.93
OI0000910,ORD000110,PRD00011,1,228.97
OI0000911,ORD000111,PRD00018,3,38.94
OI0000912,ORD000112,PRD00025,4,977.12
OI0000913,ORD000113,PRD00032,1,214.37
OI0000914,ORD000114,PRD00039,4,912.44
OI0000915,ORD000115,PRD00046,2,290.46
OI0000916,ORD000116,PRD00053,4,364.96
OI0000917,ORD000117,PRD00060,5,994.45
OI0000918,ORD000118,PRD00067,4,167.76
OI0000919,ORD000119,PRD00074,2,481.92
OI0000920,ORD000120,PRD00081,5,429.85
OI0000921,ORD000121,PRD00088,4,428.84
OI0000922,ORD000122,PRD00095,4,941.08
OI0000923,ORD000123,PRD00102,3,401.91
OI0000924,ORD000124,PRD00109,2,64.68
OI0000925,ORD000125,PRD00116,3,133.59
OI0000926,ORD000126,PRD00003,1,45.24
OI0000927,ORD000127,PRD00010,5,899.7
OI0000928,ORD000128,PRD00017,1,70.87
OI0000929,ORD000129,PRD00024,3,235.86
OI0000930,ORD000130,PRD00031,2,71.7
OI0000931,ORD000131,PRD00038,2,249.82
OI0000932,ORD000132,PRD00045,3,364.65
OI0000933,ORD000133,PRD00052,5,48.0
OI0000934,ORD000134,PRD00059,4,953.88
OI0000935,ORD000135,PRD00066,4,120.4
OI0000936,ORD000136,PRD00073,4,477.12
OI0000937,ORD000137,PRD00080,2,54.66
OI0000938,ORD000138,PRD00087,4,988.96
OI0000939,ORD000139,PRD00094,5,308.65
OI0000940,ORD000140,PRD00101,4,43.88
OI0000941,ORD000141,PRD00108,1,136.58
OI0000942,ORD000142,PRD00115,2,477.8
OI0000943,ORD000143,PRD00002,1,210.95
OI0000944,ORD000144,PRD00009,1,10.97
OI0000945,ORD000145,PRD00016,4,238.64
OI0000946,ORD000146,PRD00023,4,475.64
OI0000947,ORD000147,PRD00030,1,186.71
OI0000948,ORD000148,PRD00037,2,271.62
OI0000949,ORD000149,PRD00044,3,412.05
OI0000950,ORD000150,PRD00051,2,12.22
OI0000951,ORD000151,PRD00058,2,471.72
OI0000952,ORD000152,PRD00065,5,225.6
OI0000953,ORD000153,PRD00072,3,670.05
OI0000954,ORD000154,PRD00079,4,944.92
OI0000955,ORD000155,PRD00086,1,223.72
OI0000956,ORD000156,PRD00093,5,424.2
OI0000957,ORD000157,PRD00100,3,45.66
OI0000958,ORD000158,PRD00107,2,156.1
OI0000959,ORD000159,PRD00114,3,321.96
OI0000960,ORD000160,PRD00001,3,559.05
OI0000961,ORD000161,PRD00008,4,383.84
OI0000962,ORD000162,PRD00015,5,521.3
OI0000963,ORD000163,PRD00022,5,106.8
OI0000964,ORD000164,PRD00029,1,187.16
OI0000965,ORD000165,PRD00036,3,196.32
OI0000966,ORD000166,PRD00043,5,497.05
OI0000967,ORD000167,PRD00050,3,199.5
OI0000968,ORD000168,PRD00057,3,696.99
OI0000969,ORD000169,PRD00064,4,697.52
OI0000970,ORD000170,PRD00071,1,157.64
OI0000971,ORD000171,PRD00078,1,154.5
OI0000972,ORD000172,PRD00085,2,335.12
OI0000973,ORD000173,PRD00092,3,391.98
OI0000974,ORD000174,PRD00099,1,66.04
OI0000975,ORD000175,PRD00106,4,232.68
OI0000976,ORD000176,PRD00113,1,69.63
OI0000977,ORD000177,PRD00120,1,10.41
OI0000978,ORD000178,PRD00007,3,267.66
OI0000979,ORD000179,PRD00014,3,646.56
OI0000980,ORD000180,PRD00021,3,743.52
OI0000981,ORD000181,PRD00028,3,443.01
OI0000982,ORD000182,PRD00035,2,470.06
OI0000983,ORD000183,PRD00042,2,56.92
OI0000984,ORD000184,PRD00049,1,166.14
OI0000985,ORD000185,PRD00056,2,105.32
OI0000986,ORD000186,PRD00063,5,1118.95
OI0000987,ORD000187,PRD00070,2,153.1
OI0000988,ORD000188,PRD00077,2,22.96
OI0000989,ORD000189,PRD00084,4,274.76
OI0000990,ORD000190,PRD00091,3,132.42
OI0000991,ORD000191,PRD00098,5,1129.7
OI0000992,ORD000192,PRD00105,3,189.81
OI0000993,ORD000193,PRD00112,2,252.74
OI0000994,ORD000194,PRD00119,5,294.2
OI0000995,ORD000195,PRD00006,4,541.36
OI0000996,ORD000196,PRD00013,4,303.16
OI0000997,ORD000197,PRD00020,5,1235.75
OI0000998,ORD000198,PRD00027,2,385.86
OI0000999,ORD000199,PRD00034,1,156.94
OI0001000,ORD000200,PRD00041,4,689.72
OI0001001,ORD000201,PRD00048,4,938.44
OI0001002,ORD000202,PRD00055,5,996.7
OI0001003,ORD000203,PRD00062,3,688.44
OI0001004,ORD000204,PRD00069,1,79.03
OI0001005,ORD000205,PRD00076,2,183.14
OI0001006,ORD000206,PRD00083,5,606.1
OI0001007,ORD000207,PRD00090,5,1057.9
OI0001008,ORD000208,PRD00097,1,207.0
OI0001009,ORD000209,PRD00104,1,166.54
OI0001010,ORD000210,PRD00111,5,622.75
OI0001011,ORD000211,PRD00118,2,430.52
OI0001012,ORD000212,PRD00005,5,794.7
OI0001013,ORD000213,PRD00012,3,192.63
OI0001014,ORD000214,PRD00019,4,62.72
OI0001015,ORD000215,PRD00026,2,191.06
OI0001016,ORD000216,PRD00033,2,260.44
OI0001017,ORD000217,PRD00040,5,78.85
OI0001018,ORD000218,PRD00047,5,478.55
OI0001019,ORD000219,PRD00054,2,216.3
OI0001020,ORD000220,PRD00061,5,68.9
OI0001021,ORD000221,PRD00068,2,242.28
OI0001022,ORD000222,PRD00075,4,941.48
OI0001023,ORD000223,PRD00082,1,155.62
OI0001024,ORD000224,PRD00089,4,465.04
OI0001025,ORD000225,PRD00096,4,516.92
OI0001026,ORD000226,PRD00103,3,253.65
OI0001027,ORD000227,PRD00110,3,128.94
OI0001028,ORD000228,PRD00117,3,625.29
OI0001029,ORD000229,PRD00004,3,635.79
OI0001030,ORD000230,PRD00011,1,228.97
OI0001031,ORD000231,PRD00018,3,38.94
OI0001032,ORD000232,PRD00025,2,488.56
OI0001033,ORD000233,PRD00032,2,428.74
OI0001034,ORD000234,PRD00039,3,684.33
OI0001035,ORD000235,PRD00046,2,290.46
OI0001036,ORD000236,PRD00053,5,456.2
OI0001037,ORD000237,PRD00060,1,198.89
OI0001038,ORD000238,PRD00067,3,125.82
OI0001039,ORD000239,PRD00074,1,240.96
OI0001040,ORD000240,PRD00081,1,85.97
OI0001041,ORD000241,PRD00088,3,321.63
OI0001042,ORD000242,PRD00095,3,705.81
OI0001043,ORD000243,PRD00102,3,401.91
OI0001044,ORD000244,PRD00109,3,97.02
OI0001045,ORD000245,PRD00116,3,133.59
OI0001046,ORD000246,PRD00003,3,135.72
OI0001047,ORD000247,PRD00010,3,539.82
OI0001048,ORD000248,PRD00017,1,70.87
OI0001049,ORD000249,PRD00024,1,78.62
OI0001050,ORD000250,PRD00031,2,71.7
OI0001051,ORD000251,PRD00038,3,374.73
OI0001052,ORD000252,PRD00045,2,243.1
OI0001053,ORD000253,PRD00052,2,19.2
OI0001054,ORD000254,PRD00059,5,1192.35
OI0001055,ORD000255,PRD00066,1,30.1
OI0001056,ORD000256,PRD00073,2,238.56
OI0001057,ORD000257,PRD00080,3,81.99
OI0001058,ORD000258,PRD00087,1,247.24
OI0001059,ORD000259,PRD00094,2,123.46
OI0001060,ORD000260,PRD00101,2,21.94
OI0001061,ORD000261,PRD00108,4,546.32
OI0001062,ORD000262,PRD00115,4,955.6
OI0001063,ORD000263,PRD00002,2,421.9
OI0001064,ORD000264,PRD00009,5,54.85
OI0001065,ORD000265,PRD00016,3,178.98
OI0001066,ORD000266,PRD00023,3,356.73
OI0001067,ORD000267,PRD00030,1,186.71
OI0001068,ORD000268,PRD00037,3,407.43
OI0001069,ORD000269,PRD00044,1,137.35
OI0001070,ORD000270,PRD00051,4,24.44
OI0001071,ORD000271,PRD00058,4,943.44
OI0001072,ORD000272,PRD00065,3,135.36
OI0001073,ORD000273,PRD00072,2,446.7
OI0001074,ORD000274,PRD00079,3,708.69
OI0001075,ORD000275,PRD00086,3,671.16
OI0001076,ORD000276,PRD00093,4,339.36
OI0001077,ORD000277,PRD00100,4,60.88
OI0001078,ORD000278,PRD00107,2,156.1
OI0001079,ORD000279,PRD00114,2,214.64
OI0001080,ORD000280,PRD00001,2,372.7
OI0001081,ORD000281,PRD00008,2,191.92
OI0001082,ORD000282,PRD00015,2,208.52
OI0001083,ORD000283,PRD00022,1,21.36
OI0001084,ORD000284,PRD00029,2,374.32
OI0001085,ORD000285,PRD00036,1,65.44
OI0001086,ORD000286,PRD00043,4,397.64
OI0001087,ORD000287,PRD00050,4,266.0
OI0001088,ORD000288,PRD00057,3,696.99
OI0001089,ORD000289,PRD00064,4,697.52
OI0001090,ORD000290,PRD00071,1,157.64
OI0001091,ORD000291,PRD00078,2,309.0
OI0001092,ORD000292,PRD00085,1,167.56
OI0001093,ORD000293,PRD00092,4,522.64
OI0001094,ORD000294,PRD00099,2,132.08
OI0001095,ORD000295,PRD00106,3,174.51
OI0001096,ORD000296,PRD00113,3,208.89
OI0001097,ORD000297,PRD00120,2,20.82
OI0001098,ORD000298,PRD00007,3,267.66
OI0001099,ORD000299,PRD00014,1,215.52
OI0001100,ORD000300,PRD00021,2,495.68
OI0001101,ORD000301,PRD00028,2,295.34
OI0001102,ORD000302,PRD00035,1,235.03
OI0001103,ORD000303,PRD00042,3,85.38
OI0001104,ORD000304,PRD00049,1,166.14
OI0001105,ORD000305,PRD00056,3,157.98
OI0001106,ORD000306,PRD00063,3,671.37
OI0001107,ORD000307,PRD00070,2,153.1
OI0001108,ORD000308,PRD00077,2,22.96
OI0001109,ORD000309,PRD00084,3,206.07
OI0001110,ORD000310,PRD00091,3,132.42
OI0001111,ORD000311,PRD00098,2,451.88
OI0001112,ORD000312,PRD00105,2,126.54
OI0001113,ORD000313,PRD00112,4,505.48
OI0001114,ORD000314,PRD00119,5,294.2
OI0001115,ORD000315,PRD00006,1,135.34
OI0001116,ORD000316,PRD00013,5,378.95
OI0001117,ORD000317,PRD00020,2,494.3
OI0001118,ORD000318,PRD00027,5,964.65
OI0001119,ORD000319,PRD00034,3,470.82
OI0001120,ORD000320,PRD00041,3,517.29
OI0001121,ORD000321,PRD00048,3,703.83
OI0001122,ORD000322,PRD00055,3,598.02
OI0001123,ORD000323,PRD00062,3,688.44
OI0001124,ORD000324,PRD00069,4,316.12
OI0001125,ORD000325,PRD00076,4,366.28
OI0001126,ORD000326,PRD00083,4,484.88
OI0001127,ORD000327,PRD00090,5,1057.9
OI0001128,ORD000328,PRD00097,2,414.0
OI0001129,ORD000329,PRD00104,5,832.7
OI0001130,ORD000330,PRD00111,1,124.55
OI0001131,ORD000331,PRD00118,1,215.26
OI0001132,ORD000332,PRD00005,1,158.94
OI0001133,ORD000333,PRD00012,2,128.42
OI0001134,ORD000334,PRD00019,5,78.4
OI0001135,ORD000335,PRD00026,2,191.06
OI0001136,ORD000336,PRD00033,3,390.66
OI0001137,ORD000337,PRD00040,3,47.31
OI0001138,ORD000338,PRD00047,3,287.13
OI0001139,ORD000339,PRD00054,1,108.15
OI0001140,ORD000340,PRD00061,1,13.78
OI0001141,ORD000341,PRD00068,4,484.56
OI0001142,ORD000342,PRD00075,1,235.37
OI0001143,ORD000343,PRD00082,2,311.24
OI0001144,ORD000344,PRD00089,2,232.52
OI0001145,ORD000345,PRD00096,3,387.69
OI0001146,ORD000346,PRD00103,1,84.55
OI0001147,ORD000347,PRD00110,3,128.94
OI0001148,ORD000348,PRD00117,5,1042.15
OI0001149,ORD000349,PRD00004,5,1059.65
OI0001150,ORD000350,PRD00011,5,1144.85
OI0001151,ORD000351,PRD00018,1,12.98
OI0001152,ORD000352,PRD00025,4,977.12
OI0001153,ORD000353,PRD00032,5,1071.85
OI0001154,ORD000354,PRD00039,2,456.22
OI0001155,ORD000355,PRD00046,1,145.23
OI0001156,ORD000356,PRD00053,5,456.2
OI0001157,ORD000357,PRD00060,4,795.56
OI0001158,ORD000358,PRD00067,2,83.88
OI0001159,ORD000359,PRD00074,2,481.92
OI0001160,ORD000360,PRD00081,4,343.88
OI0001161,ORD000361,PRD00088,3,321.63
OI0001162,ORD000362,PRD00095,3,705.81
OI0001163,ORD000363,PRD00102,3,401.91
OI0001164,ORD000364,PRD00109,1,32.34
OI0001165,ORD000365,PRD00116,1,44.53
OI0001166,ORD000366,PRD00003,5,226.2
OI0001167,ORD000367,PRD00010,5,899.7
OI0001168,ORD000368,PRD00017,1,70.87
OI0001169,ORD000369,PRD00024,2,157.24
OI0001170,ORD000370,PRD00031,4,143.4
OI0001171,ORD000371,PRD00038,4,499.64
OI0001172,ORD000372,PRD00045,5,607.75
OI0001173,ORD000373,PRD00052,5,48.0
OI0001174,ORD000374,PRD00059,3,715.41
OI0001175,ORD000375,PRD00066,3,90.3
OI0001176,ORD000376,PRD00073,1,119.28
OI0001177,ORD000377,PRD00080,5,136.65
OI0001178,ORD000378,PRD00087,3,741.72
OI0001179,ORD000379,PRD00094,5,308.65
OI0001180,ORD000380,PRD00101,1,10.97
OI0001181,ORD000381,PRD00108,3,409.74
OI0001182,ORD000382,PRD00115,2,477.8
OI0001183,ORD000383,PRD00002,2,421.9
OI0001184,ORD000384,PRD00009,2,21.94
OI0001185,ORD000385,PRD00016,1,59.66
OI0001186,ORD000386,PRD00023,1,118.91
OI0001187,ORD000387,PRD00030,3,560.13
OI0001188,ORD000388,PRD00037,2,271.62
OI0001189,ORD000389,PRD00044,1,137.35
OI0001190,ORD000390,PRD00051,1,6.11
OI0001191,ORD000391,PRD00058,3,707.58
OI0001192,ORD000392,PRD00065,4,180.48
OI0001193,ORD000393,PRD00072,4,893.4
OI0001194,ORD000394,PRD00079,3,708.69
OI0001195,ORD000395,PRD00086,5,1118.6
OI0001196,ORD000396,PRD00093,5,424.2
OI0001197,ORD000397,PRD00100,3,45.66
OI0001198,ORD000398,PRD00107,1,78.05
OI0001199,ORD000399,PRD00114,5,536.6
OI0001200,ORD000400,PRD00001,4,745.4
OI0001201,ORD000401,PRD00008,3,287.88
OI0001202,ORD000402,PRD00015,2,208.52
OI0001203,ORD000403,PRD00022,2,42.72
OI0001204,ORD000404,PRD00029,2,374.32
OI0001205,ORD000405,PRD00036,5,327.2
OI0001206,ORD000406,PRD00043,2,198.82
OI0001207,ORD000407,PRD00050,5,332.5
OI0001208,ORD000408,PRD00057,2,464.66
OI0001209,ORD000409,PRD00064,5,871.9
OI0001210,ORD000410,PRD00071,1,157.64
OI0001211,ORD000411,PRD00078,1,154.5
OI0001212,ORD000412,PRD00085,1,167.56
OI0001213,ORD000413,PRD00092,5,653.3
OI0001214,ORD000414,PRD00099,1,66.04
OI0001215,ORD000415,PRD00106,3,174.51
OI0001216,ORD000416,PRD00113,4,278.52
OI0001217,ORD000417,PRD00120,4,41.64
OI0001218,ORD000418,PRD00007,3,267.66
OI0001219,ORD000419,PRD00014,1,215.52
OI0001220,ORD000420,PRD00021,5,1239.2
OI0001221,ORD000421,PRD00028,3,443.01
OI0001222,ORD000422,PRD00035,4,940.12
OI0001223,ORD000423,PRD00042,4,113.84
OI0001224,ORD000424,PRD00049,1,166.14
OI0001225,ORD000425,PRD00056,5,263.3
OI0001226,ORD000426,PRD00063,5,1118.95
OI0001227,ORD000427,PRD00070,2,153.1
OI0001228,ORD000428,PRD00077,5,57.4
OI0001229,ORD000429,PRD00084,3,206.07
OI0001230,ORD000430,PRD00091,1,44.14
OI0001231,ORD000431,PRD00098,5,1129.7
OI0001232,ORD000432,PRD00105,2,126.54
OI0001233,ORD000433,PRD00112,5,631.85
OI0001234,ORD000434,PRD00119,2,117.68
OI0001235,ORD000435,PRD00006,2,270.68
OI0001236,ORD000436,PRD00013,4,303.16
OI0001237,ORD000437,PRD00020,4,988.6
OI0001238,ORD000438,PRD00027,5,964.65
OI0001239,ORD000439,PRD00034,2,313.88
OI0001240,ORD000440,PRD00041,1,172.43
OI0001241,ORD000441,PRD00048,2,469.22
OI0001242,ORD000442,PRD00055,5,996.7
OI0001243,ORD000443,PRD00062,1,229.48
OI0001244,ORD000444,PRD00069,1,79.03
OI0001245,ORD000445,PRD00076,1,91.57
OI0001246,ORD000446,PRD00083,3,363.66
OI0001247,ORD000447,PRD00090,3,634.74
OI0001248,ORD000448,PRD00097,4,828.0
OI0001249,ORD000449,PRD00104,2,333.08
OI0001250,ORD000450,PRD00111,3,373.65
OI0001251,ORD000451,PRD00118,3,645.78
OI0001252,ORD000452,PRD00005,4,635.76
OI0001253,ORD000453,PRD00012,2,128.42
OI0001254,ORD000454,PRD00019,3,47.04
OI0001255,ORD000455,PRD00026,4,382.12
OI0001256,ORD000456,PRD00033,4,520.88
OI0001257,ORD000457,PRD00040,5,78.85
OI0001258,ORD000458,PRD00047,2,191.42
OI0001259,ORD000459,PRD00054,3,324.45
OI0001260,ORD000460,PRD00061,5,68.9
OI0001261,ORD000461,PRD00068,5,605.7
OI0001262,ORD000462,PRD00075,4,941.48
OI0001263,ORD000463,PRD00082,2,311.24
OI0001264,ORD000464,PRD00089,5,581.3
OI0001265,ORD000465,PRD00096,5,646.15
OI0001266,ORD000466,PRD00103,1,84.55
OI0001267,ORD000467,PRD00110,2,85.96
OI0001268,ORD000468,PRD00117,4,833.72
OI0001269,ORD000469,PRD00004,5,1059.65
OI0001270,ORD000470,PRD00011,1,228.97
OI0001271,ORD000471,PRD00018,3,38.94
OI0001272,ORD000472,PRD00025,3,732.84
OI0001273,ORD000473,PRD00032,2,428.74
OI0001274,ORD000474,PRD00039,5,1140.55
OI0001275,ORD000475,PRD00046,5,726.15
OI0001276,ORD000476,PRD00053,1,91.24
OI0001277,ORD000477,PRD00060,3,596.67
OI0001278,ORD000478,PRD00067,1,41.94
OI0001279,ORD000479,PRD00074,3,722.88
OI0001280,ORD000480,PRD00081,3,257.91
OI0001281,ORD000481,PRD00088,3,321.63
OI0001282,ORD000482,PRD00095,3,705.81
OI0001283,ORD000483,PRD00102,3,401.91
OI0001284,ORD000484,PRD00109,3,97.02
OI0001285,ORD000485,PRD00116,5,222.65
OI0001286,ORD000486,PRD00003,2,90.48
OI0001287,ORD000487,PRD00010,2,359.88
OI0001288,ORD000488,PRD00017,4,283.48
OI0001289,ORD000489,PRD00024,4,314.48
OI0001290,ORD000490,PRD00031,1,35.85
OI0001291,ORD000491,PRD00038,2,249.82
OI0001292,ORD000492,PRD00045,2,243.1
OI0001293,ORD000493,PRD00052,1,9.6
OI0001294,ORD000494,PRD00059,2,476.94
OI0001295,ORD000495,PRD00066,2,60.2
OI0001296,ORD000496,PRD00073,3,357.84
OI0001297,ORD000497,PRD00080,2,54.66
OI0001298,ORD000498,PRD00087,2,494.48
OI0001299,ORD000499,PRD00094,4,246.92
OI0001300,ORD000500,PRD00101,2,21.94
OI0001301,ORD000501,PRD00108,4,546.32
OI0001302,ORD000502,PRD00115,4,955.6
OI0001303,ORD000503,PRD00002,1,210.95
OI0001304,ORD000504,PRD00009,5,54.85
OI0001305,ORD000505,PRD00016,4,238.64
OI0001306,ORD000506,PRD00023,5,594.55
OI0001307,ORD000507,PRD00030,4,746.84
OI0001308,ORD000508,PRD00037,3,407.43
OI0001309,ORD000509,PRD00044,5,686.75
OI0001310,ORD000510,PRD00051,4,24.44
OI0001311,ORD000511,PRD00058,4,943.44
OI0001312,ORD000512,PRD00065,2,90.24
OI0001313,ORD000513,PRD00072,2,446.7
OI0001314,ORD000514,PRD00079,5,1181.15
OI0001315,ORD000515,PRD00086,4,894.88
OI0001316,ORD000516,PRD00093,1,84.84
OI0001317,ORD000517,PRD00100,5,76.1
OI0001318,ORD000518,PRD00107,3,234.15
OI0001319,ORD000519,PRD00114,4,429.28
OI0001320,ORD000520,PRD00001,4,745.4
OI0001321,ORD000521,PRD00008,5,479.8
OI0001322,ORD000522,PRD00015,1,104.26
OI0001323,ORD000523,PRD00022,3,64.08
OI0001324,ORD000524,PRD00029,4,748.64
OI0001325,ORD000525,PRD00036,5,327.2
OI0001326,ORD000526,PRD00043,2,198.82
OI0001327,ORD000527,PRD00050,1,66.5
OI0001328,ORD000528,PRD00057,2,464.66
OI0001329,ORD000529,PRD00064,4,697.52
OI0001330,ORD000530,PRD00071,1,157.64
OI0001331,ORD000531,PRD00078,1,154.5
OI0001332,ORD000532,PRD00085,4,670.24
OI0001333,ORD000533,PRD00092,2,261.32
OI0001334,ORD000534,PRD00099,2,132.08
OI0001335,ORD000535,PRD00106,2,116.34
OI0001336,ORD000536,PRD00113,4,278.52
OI0001337,ORD000537,PRD00120,3,31.23
OI0001338,ORD000538,PRD00007,3,267.66
OI0001339,ORD000539,PRD00014,2,431.04
OI0001340,ORD000540,PRD00021,2,495.68
OI0001341,ORD000541,PRD00028,1,147.67
OI0001342,ORD000542,PRD00035,4,940.12
OI0001343,ORD000543,PRD00042,5,142.3
OI0001344,ORD000544,PRD00049,4,664.56
OI0001345,ORD000545,PRD00056,2,105.32
OI0001346,ORD000546,PRD00063,2,447.58
OI0001347,ORD000547,PRD00070,4,306.2
OI0001348,ORD000548,PRD00077,2,22.96
OI0001349,ORD000549,PRD00084,2,137.38
OI0001350,ORD000550,PRD00091,1,44.14
OI0001351,ORD000551,PRD00098,2,451.88
OI0001352,ORD000552,PRD00105,5,316.35
OI0001353,ORD000553,PRD00112,3,379.11
OI0001354,ORD000554,PRD00119,4,235.36
OI0001355,ORD000555,PRD00006,4,541.36
OI0001356,ORD000556,PRD00013,3,227.37
OI0001357,ORD000557,PRD00020,5,1235.75
OI0001358,ORD000558,PRD00027,4,771.72
OI0001359,ORD000559,PRD00034,2,313.88
OI0001360,ORD000560,PRD00041,5,862.15
OI0001361,ORD000561,PRD00048,1,234.61
OI0001362,ORD000562,PRD00055,5,996.7
OI0001363,ORD000563,PRD00062,5,1147.4
OI0001364,ORD000564,PRD00069,3,237.09
OI0001365,ORD000565,PRD00076,5,457.85
OI0001366,ORD000566,PRD00083,2,242.44
OI0001367,ORD000567,PRD00090,3,634.74
OI0001368,ORD000568,PRD00097,2,414.0
OI0001369,ORD000569,PRD00104,3,499.62
OI0001370,ORD000570,PRD00111,4,498.2
OI0001371,ORD000571,PRD00118,2,430.52
OI0001372,ORD000572,PRD00005,3,476.82
OI0001373,ORD000573,PRD00012,4,256.84
OI0001374,ORD000574,PRD00019,3,47.04
OI0001375,ORD000575,PRD00026,3,286.59
OI0001376,ORD000576,PRD00033,3,390.66
OI0001377,ORD000577,PRD00040,2,31.54
OI0001378,ORD000578,PRD00047,1,95.71
OI0001379,ORD000579,PRD00054,3,324.45
OI0001380,ORD000580,PRD00061,5,68.9
OI0001381,ORD000581,PRD00068,2,242.28
OI0001382,ORD000582,PRD00075,3,706.11
OI0001383,ORD000583,PRD00082,5,778.1
OI0001384,ORD000584,PRD00089,5,581.3
OI0001385,ORD000585,PRD00096,4,516.92
OI0001386,ORD000586,PRD00103,3,253.65
OI0001387,ORD000587,PRD00110,2,85.96
OI0001388,ORD000588,PRD00117,2,416.86
OI0001389,ORD000589,PRD00004,5,1059.65
OI0001390,ORD000590,PRD00011,2,457.94
OI0001391,ORD000591,PRD00018,5,64.9
OI0001392,ORD000592,PRD00025,2,488.56
OI0001393,ORD000593,PRD00032,4,857.48
OI0001394,ORD000594,PRD00039,1,228.11
OI0001395,ORD000595,PRD00046,4,580.92
OI0001396,ORD000596,PRD00053,4,364.96
OI0001397,ORD000597,PRD00060,1,198.89
OI0001398,ORD000598,PRD00067,5,209.7
OI0001399,ORD000599,PRD00074,1,240.96
OI0001400,ORD000600,PRD00081,4,343.88
OI0001401,ORD000601,PRD00088,3,321.63
OI0001402,ORD000602,PRD00095,4,941.08
OI0001403,ORD000603,PRD00102,1,133.97
OI0001404,ORD000604,PRD00109,5,161.7
OI0001405,ORD000605,PRD00116,5,222.65
OI0001406,ORD000606,PRD00003,3,135.72
OI0001407,ORD000607,PRD00010,4,719.76
OI0001408,ORD000608,PRD00017,2,141.74
OI0001409,ORD000609,PRD00024,2,157.24
OI0001410,ORD000610,PRD00031,4,143.4
OI0001411,ORD000611,PRD00038,3,374.73
OI0001412,ORD000612,PRD00045,4,486.2
OI0001413,ORD000613,PRD00052,1,9.6
OI0001414,ORD000614,PRD00059,4,953.88
OI0001415,ORD000615,PRD00066,4,120.4
OI0001416,ORD000616,PRD00073,3,357.84
OI0001417,ORD000617,PRD00080,5,136.65
OI0001418,ORD000618,PRD00087,3,741.72
OI0001419,ORD000619,PRD00094,5,308.65
OI0001420,ORD000620,PRD00101,1,10.97
OI0001421,ORD000621,PRD00108,5,682.9
OI0001422,ORD000622,PRD00115,4,955.6
OI0001423,ORD000623,PRD00002,3,632.85
OI0001424,ORD000624,PRD00009,3,32.91
OI0001425,ORD000625,PRD00016,5,298.3
OI0001426,ORD000626,PRD00023,5,594.55
OI0001427,ORD000627,PRD00030,3,560.13
OI0001428,ORD000628,PRD00037,4,543.24
OI0001429,ORD000629,PRD00044,3,412.05
OI0001430,ORD000630,PRD00051,3,18.33
OI0001431,ORD000631,PRD00058,4,943.44
OI0001432,ORD000632,PRD00065,1,45.12
OI0001433,ORD000633,PRD00072,4,893.4
OI0001434,ORD000634,PRD00079,5,1181.15
OI0001435,ORD000635,PRD00086,3,671.16
OI0001436,ORD000636,PRD00093,1,84.84
OI0001437,ORD000637,PRD00100,3,45.66
OI0001438,ORD000638,PRD00107,3,234.15
OI0001439,ORD000639,PRD00114,3,321.96
OI0001440,ORD000640,PRD00001,5,931.75
OI0001441,ORD000641,PRD00008,5,479.8
OI0001442,ORD000642,PRD00015,3,312.78
OI0001443,ORD000643,PRD00022,3,64.08
OI0001444,ORD000644,PRD00029,3,561.48
OI0001445,ORD000645,PRD00036,5,327.2
OI0001446,ORD000646,PRD00043,4,397.64
OI0001447,ORD000647,PRD00050,2,133.0
OI0001448,ORD000648,PRD00057,4,929.32
OI0001449,ORD000649,PRD00064,4,697.52
OI0001450,ORD000650,PRD00071,1,157.64
OI0001451,ORD000651,PRD00078,4,618.0
OI0001452,ORD000652,PRD00085,1,167.56
OI0001453,ORD000653,PRD00092,5,653.3
OI0001454,ORD000654,PRD00099,2,132.08
OI0001455,ORD000655,PRD00106,2,116.34
OI0001456,ORD000656,PRD00113,3,208.89
OI0001457,ORD000657,PRD00120,5,52.05
OI0001458,ORD000658,PRD00007,4,356.88
OI0001459,ORD000659,PRD00014,4,862.08
OI0001460,ORD000660,PRD00021,3,743.52
OI0001461,ORD000661,PRD00028,1,147.67
OI0001462,ORD000662,PRD00035,3,705.09
OI0001463,ORD000663,PRD00042,3,85.38
OI0001464,ORD000664,PRD00049,2,332.28
OI0001465,ORD000665,PRD00056,5,263.3
OI0001466,ORD000666,PRD00063,4,895.16
OI0001467,ORD000667,PRD00070,2,153.1
OI0001468,ORD000668,PRD00077,4,45.92
OI0001469,ORD000669,PRD00084,1,68.69
OI0001470,ORD000670,PRD00091,2,88.28
OI0001471,ORD000671,PRD00098,2,451.88
OI0001472,ORD000672,PRD00105,3,189.81
OI0001473,ORD000673,PRD00112,5,631.85
OI0001474,ORD000674,PRD00119,4,235.36
OI0001475,ORD000675,PRD00006,1,135.34
OI0001476,ORD000676,PRD00013,2,151.58
OI0001477,ORD000677,PRD00020,1,247.15
OI0001478,ORD000678,PRD00027,3,578.79
OI0001479,ORD000679,PRD00034,3,470.82
OI0001480,ORD000680,PRD00041,3,517.29
OI0001481,ORD000681,PRD00048,2,469.22
OI0001482,ORD000682,PRD00055,1,199.34
OI0001483,ORD000683,PRD00062,3,688.44
OI0001484,ORD000684,PRD00069,5,395.15
OI0001485,ORD000685,PRD00076,5,457.85
OI0001486,ORD000686,PRD00083,2,242.44
OI0001487,ORD000687,PRD00090,5,1057.9
OI0001488,ORD000688,PRD00097,5,1035.0
OI0001489,ORD000689,PRD00104,3,499.62
OI0001490,ORD000690,PRD00111,3,373.65
OI0001491,ORD000691,PRD00118,1,215.26
OI0001492,ORD000692,PRD00005,1,158.94
OI0001493,ORD000693,PRD00012,1,64.21
OI0001494,ORD000694,PRD00019,1,15.68
OI0001495,ORD000695,PRD00026,1,95.53
OI0001496,ORD000696,PRD00033,4,520.88
OI0001497,ORD000697,PRD00040,5,78.85
OI0001498,ORD000698,PRD00047,4,382.84
OI0001499,ORD000699,PRD00054,3,324.45
OI0001500,ORD000700,PRD00061,4,55.12
